Player,First,Last,Suffix,Current Team,Position,Group,height,weight,birthdate,college,Pass_Yd,QB_rating,Pass_TD,Rush_Yd,Receive_Yd,Receive_TD,Sacks
Mario Addison,Mario,Addison,,Buffalo Bills,DE,Tackle,75,260,09/06/1987,Troy,,,,,,,5
Zach Allen,Zach,Allen,,Arizona Cardinals,DE,Tackle,77,285,08/20/1997,Boston College,,,,,,,2
Bradlee Anae,Bradlee,Anae,,Dallas Cowboys,DE,Tackle,,,,,,,,,,,
Henry Anderson,Henry,Anderson,,New York Jets,DE,Tackle,78,301,08/03/1991,Stanford,,,,,,,0.5
Arik Armstead,Arik,Armstead,,San Francisco 49ers,DE,Tackle,79,292,11/15/1993,Oregon,,,,,,,3.5
Dorance Armstrong,Dorance,Armstrong,,Dallas Cowboys,DE,Tackle,76,255,06/10/1997,Kansas,,,,,,,
Ade Aruna,Ade,Aruna,,Las Vegas Raiders,DE,Tackle,,,,,,,,,,,
Denico Autry,Denico,Autry,,Indianapolis Colts,DE,Tackle,77,285,07/15/1990,Mississippi State,,,,,,,7.5
Genard Avery,Genard,Avery,,Philadelphia Eagles,DE,Tackle,72,250,04/26/1995,Memphis,,,,,,,1.5
Allen Bailey,Allen,Bailey,,Atlanta Falcons,DE,Tackle,75,288,03/25/1989,Miami,,,,,,,1.5
Ben Banogu,Ben,Banogu,,Indianapolis Colts,DE,Tackle,75,252,01/19/1996,Texas Christian,,,,,,,
Derek Barnett,Derek,Barnett,,Philadelphia Eagles,DE,Tackle,75,259,06/25/1996,Tennessee,,,,,,,5.5
Alex Barrett,Alex,Barrett,,San Francisco 49ers,DE,Tackle,75,260,03/06/1994,San Diego State,,,,,,,
Vic Beasley,Vic,Beasley,,Las Vegas Raiders,DE,Tackle,75,246,07/08/1992,Clemson,,,,,,,
Oluwole Betiku Jr.,Oluwole,Betiku,Jr.,New York Giants,DE,Tackle,,,,,,,,,,,
Angelo Blackson,Angelo,Blackson,,Arizona Cardinals,DE,Tackle,76,318,11/14/1992,Auburn,,,,,,,2.5
Amani Bledsoe,Amani,Bledsoe,,Cincinnati Bengals,DE,Tackle,,,,,,,,,,,
Joey Bosa,Joey,Bosa,,Los Angeles Chargers,DE,Tackle,77,280,07/11/1995,Ohio State,,,,,,,7.5
Michael Brockers,Michael,Brockers,,Los Angeles Rams,DE,Tackle,77,305,12/21/1990,Louisiana State,,,,,,,5
Austin Bryant,Austin,Bryant,,Detroit Lions,DE,Tackle,78,261,11/12/1996,Clemson,,,,,,,
Isaiah Buggs,Isaiah,Buggs,,Pittsburgh Steelers,DE,Tackle,75,295,08/24/1996,Alabama,,,,,,,
Brian Burns,Brian,Burns,,Carolina Panthers,DE,Tackle,77,250,04/23/1998,Florida State,,,,,,,9
Calais Campbell,Calais,Campbell,,Baltimore Ravens,DE,Tackle,80,300,09/01/1986,Miami,,,,,,,4
Ron'Dell Carter,Ron'Dell,Carter,,Dallas Cowboys,DE,Tackle,,,,,,,,,,,
K'Lavon Chaisson,K'Lavon,Chaisson,,Jacksonville Jaguars,DE,Tackle,,,,,,,,,,,1
Frank Clark,Frank,Clark,,Kansas City Chiefs,DE,Tackle,75,260,06/14/1993,Michigan,,,,,,,6
Adrian Clayborn,Adrian,Clayborn,,Cleveland Browns,DE,Tackle,75,280,07/06/1988,Iowa,,,,,,,3.5
Kendall Coleman,Kendall,Coleman,,Indianapolis Colts,DE,Tackle,,,,,,,,,,,
L.J. Collier,L.J.,Collier,,Seattle Seahawks,DE,Tackle,75,291,09/12/1995,Texas Christian,,,,,,,3
John Cominsky,John,Cominsky,,Atlanta Falcons,DE,Tackle,77,285,11/22/1995,"Charleston, W. Va.",,,,,,,1
Jack Crawford,Jack,Crawford,,Tennessee Titans,DE,Tackle,77,288,09/07/1988,Penn State,,,,,,,2
Maxx Crosby,Maxx,Crosby,,Las Vegas Raiders,DE,Tackle,77,255,08/22/1997,Eastern Michigan,,,,,,,7
Gus Cumberlander,Gus,Cumberlander,,New Orleans Saints,DE,Tackle,,,,,,,,,,,
Vinny Curry,Vinny,Curry,,Philadelphia Eagles,DE,Tackle,75,279,06/30/1988,Marshall,,,,,,,3
Marcus Davenport,Marcus,Davenport,,New Orleans Saints,DE,Tackle,78,265,09/04/1996,Texas-San Antonio,,,,,,,1.5
Matt Dickerson,Matt,Dickerson,,Tennessee Titans,DE,Tackle,77,290,11/09/1995,UCLA,,,,,,,
Aaron Donald,Aaron,Donald,,Los Angeles Rams,DE,Tackle,73,280,05/23/1991,Pittsburgh,,,,,,,13.5
Carlos Dunlap,Carlos,Dunlap,,Seattle Seahawks,DE,Tackle,78,285,02/28/1989,Florida,,,,,,,7
Mario Edwards,Mario,Edwards,,Chicago Bears,DE,Tackle,75,280,01/25/1994,Florida State,,,,,,,4
A.J. Epenesa,A.J.,Epenesa,,Buffalo Bills,DE,Tackle,,,,,,,,,,,1
Dante Fowler Jr.,Dante,Fowler,Jr.,Atlanta Falcons,DE,Tackle,,,,,,,,,,,3
Morgan Fox,Morgan,Fox,,Los Angeles Rams,DE,Tackle,75,275,09/12/1994,Colorado State-Pueblo,,,,,,,6
John Franklin-Myers,John,Franklin-Myers,,New York Jets,DE,Tackle,76,288,09/26/1996,Stephen F. Austin St.,,,,,,,3
Myles Garrett,Myles,Garrett,,Cleveland Browns,DE,Tackle,76,272,12/29/1995,Texas A&M,,,,,,,12
Joe Gaziano,Joe,Gaziano,,Los Angeles Chargers,DE,Tackle,,,,,,,,,,,
William Gholston,William,Gholston,,Tampa Bay Buccaneers,DE,Tackle,78,281,07/31/1991,Michigan State,,,,,,,3
Adam Gotsis,Adam,Gotsis,,Jacksonville Jaguars,DE,Tackle,76,287,09/23/1992,Georgia Tech,,,,,,,
Brandon Graham,Brandon,Graham,,Philadelphia Eagles,DE,Tackle,74,265,04/03/1988,Michigan,,,,,,,8
Carl Granderson,Carl,Granderson,,New Orleans Saints,DE,Tackle,77,261,12/18/1996,Wyoming,,,,,,,5
Rasheem Green,Rasheem,Green,,Seattle Seahawks,DE,Tackle,76,279,05/15/1997,Southern California,,,,,,,2
Randy Gregory,Randy,Gregory,,Dallas Cowboys,DE,Tackle,77,242,11/23/1992,Nebraska,,,,,,,3.5
Everson Griffen,Everson,Griffen,,Detroit Lions,DE,Tackle,75,273,12/22/1987,Southern California,,,,,,,6
Yetur Gross-Matos,Yetur,Gross-Matos,,Carolina Panthers,DE,Tackle,,,,,,,,,,,2.5
Porter Gustin,Porter,Gustin,,Cleveland Browns,DE,Tackle,77,260,02/08/1997,Southern California,,,,,,,
Chuck Harris,Chuck,Harris,,Jacksonville Jaguars,DE,Tackle,,,,,,,,,,,
Charles Harris,Charles,Harris,,Atlanta Falcons,DE,Tackle,75,250,03/06/1995,Missouri,,,,,,,3
Nate Harvey,Nate,Harvey,,New York Giants,DE,Tackle,,,,,,,,,,,
Marquis Haynes,Marquis,Haynes,,Carolina Panthers,DE,Tackle,74,235,12/16/1993,Mississippi,,,,,,,4
Trey Hendrickson,Trey,Hendrickson,,New Orleans Saints,DE,Tackle,76,270,12/05/1994,Florida Atlantic,,,,,,,13.5
Dewayne Hendrix,Dewayne,Hendrix,,Pittsburgh Steelers,DE,Tackle,,,,,,,,,,,
Cameron Heyward,Cameron,Heyward,,Pittsburgh Steelers,DE,Tackle,77,295,05/06/1989,Ohio State,,,,,,,4
Akiem Hicks,Akiem,Hicks,,Chicago Bears,DE,Tackle,76,352,11/16/1989,"Regina, Can.",,,,,,,3.5
B.J. Hill,B.J.,Hill,,New York Giants,DE,Tackle,75,311,04/20/1995,North Carolina State,,,,,,,1
Jalyn Holmes,Jalyn,Holmes,,Minnesota Vikings,DE,Tackle,77,283,01/25/1996,Ohio State,,,,,,,
Lavon Hooks,Lavon,Hooks,,Pittsburgh Steelers,DE,Tackle,,,,,,,,,,,
Justin Houston,Justin,Houston,,Indianapolis Colts,DE,Tackle,75,270,01/21/1989,Georgia,,,,,,,8
Sam Hubbard,Sam,Hubbard,,Cincinnati Bengals,DE,Tackle,77,265,06/29/1995,Ohio State,,,,,,,2
Bryce Huff,Bryce,Huff,,New York Jets,DE,Tackle,,,,,,,,,,,2
Jerry Hughes,Jerry,Hughes,,Buffalo Bills,DE,Tackle,74,254,08/13/1988,Texas Christian,,,,,,,4.5
Margus Hunt,Margus,Hunt,,Cincinnati Bengals,DE,Tackle,80,295,07/14/1987,Southern Methodist,,,,,,,1
Kerry Hyder,Kerry,Hyder,,San Francisco 49ers,DE,Tackle,74,270,05/02/1991,Texas Tech,,,,,,,8.5
Joe Jackson,Joe,Jackson,,Cleveland Browns,DE,Tackle,76,275,12/20/1996,Miami,,,,,,,
Lyndon Johnson,Lyndon,Johnson,,Arizona Cardinals,DE,Tackle,77,287,05/23/1994,Cincinnati,,,,,,,
Darryl Johnson,Darryl,Johnson,,Buffalo Bills,DE,Tackle,78,253,04/04/1997,North Carolina A&T,,,,,,,1
Dre'Mont Jones,Dre'Mont,Jones,,Denver Broncos,DE,Tackle,75,281,01/05/1997,Ohio State,,,,,,,6.5
Dion Jordan,Dion,Jordan,,San Francisco 49ers,DE,Tackle,78,275,03/05/1990,Oregon,,,,,,,3
Cameron Jordan,Cameron,Jordan,,New Orleans Saints,DE,Tackle,76,287,07/10/1989,California,,,,,,,7.5
Khalid Kareem,Khalid,Kareem,,Cincinnati Bengals,DE,Tackle,,,,,,,,,,,1
Kingsley Keke,Kingsley,Keke,,Green Bay Packers,DE,Tackle,75,288,09/26/1996,Texas A&M,,,,,,,4
Ryan Kerrigan,Ryan,Kerrigan,,Washington Football Team,DE,Tackle,76,265,08/16/1988,Purdue,,,,,,,5.5
Arden Key,Arden,Key,,Las Vegas Raiders,DE,Tackle,77,240,05/03/1996,LSU,,,,,,,
Tanoh Kpassagnon,Tanoh,Kpassagnon,,Kansas City Chiefs,DE,Tackle,79,289,06/14/1994,Villanova,,,,,,,1
Niko Lalos,Niko,Lalos,,New York Giants,DE,Tackle,,,,,,,,,,,
Austin Larkin,Austin,Larkin,,Carolina Panthers,DE,Tackle,,,,,,,,,,,
Dexter Lawrence,Dexter,Lawrence,,New York Giants,DE,Tackle,76,342,11/12/1997,Clemson,,,,,,,4
DeMarcus Lawrence,DeMarcus,Lawrence,,Dallas Cowboys,DE,Tackle,75,265,04/28/1992,Boise State,,,,,,,6.5
Carl Lawson,Carl,Lawson,,Cincinnati Bengals,DE,Tackle,74,265,06/29/1995,Auburn,,,,,,,5.5
Jeremiah Ledbetter,Jeremiah,Ledbetter,,Tampa Bay Buccaneers,DE,Tackle,75,295,06/02/1994,Arkansas,,,,,,,1
Jessie Lemonier,Jessie,Lemonier,,Los Angeles Chargers,DE,Tackle,,,,,,,,,,,
Dana Levine,Dana,Levine,,New York Giants,DE,Tackle,,,,,,,,,,,
Tyquan Lewis,Tyquan,Lewis,,Indianapolis Colts,DE,Tackle,75,277,01/30/1995,Ohio State,,,,,,,4
Mitchell Loewen,Mitchell,Loewen,,New Orleans Saints,DE,Tackle,77,275,02/14/1993,Arkansas,,,,,,,
Dean Lowry,Dean,Lowry,,Green Bay Packers,DE,Tackle,78,296,06/09/1994,Northwestern,,,,,,,3
Hercules Mata'afa,Hercules,Mata'afa,,Minnesota Vikings,DE,Tackle,74,252,09/18/1995,Washington State,,,,,,,2.5
Benson Mayowa,Benson,Mayowa,,Seattle Seahawks,DE,Tackle,75,265,08/03/1991,Idaho,,,,,,,6
Steven Means,Steven,Means,,Atlanta Falcons,DE,Tackle,75,263,09/16/1990,Buffalo,,,,,,,3
Damontre Moore,Damontre,Moore,,Seattle Seahawks,DE,Tackle,76,260,09/11/1992,Texas A&M,,,,,,,1
Al-Quadin Muhammad,Al-Quadin,Muhammad,,Indianapolis Colts,DE,Tackle,76,250,03/28/1995,Miami,,,,,,,2
Trent Murphy,Trent,Murphy,,Buffalo Bills,DE,Tackle,78,259,12/22/1990,Stanford,,,,,,,2
Carl Nassib,Carl,Nassib,,Las Vegas Raiders,DE,Tackle,79,275,04/12/1993,Penn State,,,,,,,2.5
Yannick Ngakoue,Yannick,Ngakoue,,Baltimore Ravens,DE,Tackle,74,246,03/31/1995,Maryland,,,,,,,13
Efe Obada,Efe,Obada,,Carolina Panthers,DE,Tackle,78,265,04/13/1992,No College,,,,,,,5.5
Pat O'Connor,Pat,O'Connor,,Tampa Bay Buccaneers,DE,Tackle,76,270,11/01/1993,Eastern Michigan,,,,,,,1
Ifeadi Odenigbo,Ifeadi,Odenigbo,,Minnesota Vikings,DE,Tackle,75,258,04/08/1994,Northwestern,,,,,,,3.5
Emmanuel Ogbah,Emmanuel,Ogbah,,Miami Dolphins,DE,Tackle,76,275,11/06/1993,Oklahoma State,,,,,,,9
Alex Okafor,Alex,Okafor,,Kansas City Chiefs,DE,Tackle,76,261,02/08/1991,Texas,,,,,,,3
Romeo Okwara,Romeo,Okwara,,Detroit Lions,DE,Tackle,76,263,06/17/1995,Notre Dame,,,,,,,10
Julian Okwara,Julian,Okwara,,Detroit Lions,DE,Tackle,,,,,,,,,,,
Charles Omenihu,Charles,Omenihu,,Houston Texans,DE,Tackle,77,280,08/20/1997,Texas,,,,,,,4
Benning Potoa'e,Benning,Potoa'e,,Tampa Bay Buccaneers,DE,Tackle,,,,,,,,,,,
Wyatt Ray,Wyatt,Ray,,Tennessee Titans,DE,Tackle,,,,,,,,,,,1
Derek Rivers,Derek,Rivers,,Los Angeles Rams,DE,Tackle,77,250,05/09/1994,Youngstown State,,,,,,,3
Alton Robinson,Alton,Robinson,,Seattle Seahawks,DE,Tackle,,,,,,,,,,,4
Isaac Rochell,Isaac,Rochell,,Los Angeles Chargers,DE,Tackle,76,280,04/22/1995,Notre Dame,,,,,,,2.5
Jabaal Sheard,Jabaal,Sheard,,New York Giants,DE,Tackle,75,268,05/10/1989,Pittsburgh,,,,,,,1.5
Nathan Shepherd,Nathan,Shepherd,,New York Jets,DE,Tackle,76,315,10/09/1993,Fort Hays State,,,,,,,2.5
Zach Sieler,Zach,Sieler,,Miami Dolphins,DE,Tackle,78,290,09/07/1995,Ferris State,,,,,,,3.5
Jeffery Simmons,Jeffery,Simmons,,Tennessee Titans,DE,Tackle,76,300,07/28/1997,Mississippi State,,,,,,,3
John Simon,John,Simon,,New England Patriots,DE,Tackle,74,260,10/14/1990,Ohio State,,,,,,,2
Chris Smith,Chris,Smith,,Las Vegas Raiders,DE,Tackle,73,266,02/11/1992,Arkansas,,,,,,,1
Aldon Smith,Aldon,Smith,,Dallas Cowboys,DE,Tackle,,,,,,,,,,,5
James Smith-Williams,James,Smith-Williams,,Washington Football Team,DE,Tackle,,,,,,,,,,,0.5
Dawuane Smoot,Dawuane,Smoot,,Jacksonville Jaguars,DE,Tackle,75,264,03/02/1995,Illinois,,,,,,,5.5
Shakir Soto,Shakir,Soto,,Seattle Seahawks,DE,Tackle,,,,,,,,,,,
Damion Square,Damion,Square,,Los Angeles Chargers,DE,Tackle,74,293,02/06/1989,Alabama,,,,,,,1
Kentavius Street,Kentavius,Street,,San Francisco 49ers,DE,Tackle,,,,,,,,,,,
Jason Strowbridge,Jason,Strowbridge,,Miami Dolphins,DE,Tackle,,,,,,,,,,,
Ndamukong Suh,Ndamukong,Suh,,Tampa Bay Buccaneers,DE,Tackle,76,313,01/06/1987,Nebraska,,,,,,,6
Montez Sweat,Montez,Sweat,,Washington Football Team,DE,Tackle,78,262,09/04/1996,Mississippi State,,,,,,,9
Charles Tapper,Charles,Tapper,,New York Jets,DE,Tackle,75,270,05/07/1993,Oklahoma,,,,,,,
Jerry Tillery,Jerry,Tillery,,Los Angeles Chargers,DE,Tackle,78,295,10/08/1996,Notre Dame,,,,,,,3
Casey Toohill,Casey,Toohill,,Washington Football Team,DE,Tackle,,,,,,,,,,,
Stephon Tuitt,Stephon,Tuitt,,Pittsburgh Steelers,DE,Tackle,78,303,05/23/1993,Notre Dame,,,,,,,11
Kemoko Turay,Kemoko,Turay,,Indianapolis Colts,DE,Tackle,77,248,07/11/1995,Rutgers,,,,,,,1
Brent Urban,Brent,Urban,,Chicago Bears,DE,Tackle,79,300,05/05/1991,Virginia,,,,,,,2.5
DeMarcus Walker,DeMarcus,Walker,,Denver Broncos,DE,Tackle,76,280,09/30/1994,Florida State,,,,,,,4.5
Tim Ward,Tim,Ward,,Kansas City Chiefs,DE,Tackle,,,,,,,,,,,1
Jihad Ward,Jihad,Ward,,Baltimore Ravens,DE,Tackle,77,287,05/11/1994,Illinois,,,,,,,3
Carlos Watkins,Carlos,Watkins,,Houston Texans,DE,Tackle,75,297,12/05/1993,Clemson,,,,,,,2
J.J. Watt,J.J.,Watt,,Houston Texans,DE,Tackle,77,288,03/22/1989,Wisconsin,,,,,,,5
Marcus Webb,Marcus,Webb,,Seattle Seahawks,DE,Tackle,,,,,,,,,,,
Christian Wilkins,Christian,Wilkins,,Miami Dolphins,DE,Tackle,76,315,12/20/1995,Clemson,,,,,,,1.5
Nick Williams,Nick,Williams,,Detroit Lions,DE,Tackle,76,310,2/21/1990,Samford,,,,,,,1
Leonard Williams,Leonard,Williams,,New York Giants,DE,Tackle,77,302,06/20/1994,Southern California,,,,,,,11.5
Chase Winovich,Chase,Winovich,,New England Patriots,DE,Tackle,75,251,04/19/1995,Michigan,,,,,,,5.5
Deatrich Wise,Deatrich,Wise,,New England Patriots,DE,Tackle,77,275,07/26/1994,Arkansas,,,,,,,2.5
Derek Wolfe,Derek,Wolfe,,Baltimore Ravens,DE,Tackle,77,285,02/24/1990,Cincinnati,,,,,,,1
D.J. Wonnum,D.J.,Wonnum,,Minnesota Vikings,DE,Tackle,,,,,,,,,,,3
Jonathan Woodard,Jonathan,Woodard,,Buffalo Bills,DE,Tackle,77,271,09/19/1993,Central Arkansas,,,,,,,
Chris Wormley,Chris,Wormley,,Pittsburgh Steelers,DE,Tackle,77,300,10/25/1993,Michigan,,,,,,,1
Chase Young,Chase,Young,,Washington Football Team,DE,Tackle,,,,,,,,,,,7.5
Bryson Young,Bryson,Young,,Atlanta Falcons,DE,Tackle,,,,,,,,,,,
Jabari Zuniga,Jabari,Zuniga,,New York Jets,DE,Tackle,,,,,,,,,,,
McTelvin Agim,McTelvin,Agim,,Denver Broncos,DT,Tackle,,,,,,,,,,,
Jonathan Allen,Jonathan,Allen,,Washington Football Team,DT,Tackle,75,300,01/16/1995,Alabama,,,,,,,2
Auzoyah Alufohai,Auzoyah,Alufohai,,Houston Texans,DT,Tackle,,,,,,,,,,,
Eli Ankou,Eli,Ankou,,Dallas Cowboys,DT,Tackle,75,325,06/08/1994,UCLA,,,,,,,
Josh Avery,Josh,Avery,,Seattle Seahawks,DT,Tackle,,,,,,,,,,,
Ross Blacklock,Ross,Blacklock,,Houston Texans,DT,Tackle,,,,,,,,,,,
Cortez Broughton,Cortez,Broughton,,Los Angeles Chargers,DT,Tackle,74,291,09/02/1996,Cincinnati,,,,,,,
Malcom Brown,Malcom,Brown,,New Orleans Saints,DT,Tackle,74,320,02/02/1994,Texas,,,,,,,1
Derrick Brown,Derrick,Brown,,Carolina Panthers,DT,Tackle,,,,,,,,,,,2
Andrew Brown,Andrew,Brown,,Houston Texans,DT,Tackle,75,290,12/30/1995,Virginia,,,,,,,2
Taven Bryan,Taven,Bryan,,Jacksonville Jaguars,DT,Tackle,77,291,03/11/1996,Florida,,,,,,,0.5
DeForest Buckner,DeForest,Buckner,,Indianapolis Colts,DT,Tackle,79,300,03/17/1994,Oregon,,,,,,,9.5
Vernon Butler,Vernon,Butler,,Buffalo Bills,DT,Tackle,76,330,06/14/1994,Louisiana Tech,,,,,,,
Adam Butler,Adam,Butler,,New England Patriots,DT,Tackle,77,300,04/12/1994,Vanderbilt,,,,,,,4
Trevon Coley,Trevon,Coley,,New York Jets,DT,Tackle,73,310,07/13/1994,Florida Atlantic,,,,,,,2
Maliek Collins,Maliek,Collins,,Las Vegas Raiders,DT,Tackle,74,308,04/08/1995,Nebraska,,,,,,,
Doug Costin,Doug,Costin,,Jacksonville Jaguars,DT,Tackle,,,,,,,,,,,
Christian Covington,Christian,Covington,,Cincinnati Bengals,DT,Tackle,74,305,10/16/1993,Rice,,,,,,,
Byron Cowart,Byron,Cowart,,New England Patriots,DT,Tackle,75,300,05/20/1996,Maryland,,,,,,,1
Fletcher Cox,Fletcher,Cox,,Philadelphia Eagles,DT,Tackle,76,310,12/13/1990,Mississippi State,,,,,,,6.5
Tyrone Crawford,Tyrone,Crawford,,Dallas Cowboys,DT,Tackle,76,285,11/22/1989,Boise State,,,,,,,2
Darrion Daniels,Darrion,Daniels,,San Francisco 49ers,DT,Tackle,,,,,,,,,,,
Marlon Davidson,Marlon,Davidson,,Atlanta Falcons,DT,Tackle,,,,,,,,,,,
Khalil Davis,Khalil,Davis,,Tampa Bay Buccaneers,DT,Tackle,,,,,,,,,,,
Domenique Davis,Domenique,Davis,,New York Jets,DT,Tackle,,,,,,,,,,,
Carlos Davis,Carlos,Davis,,Pittsburgh Steelers,DT,Tackle,,,,,,,,,,,
Tyeler Davison,Tyeler,Davison,,Atlanta Falcons,DT,Tackle,74,309,09/03/1992,Fresno State,,,,,,,0.5
Daniel Ekuale,Daniel,Ekuale,,Jacksonville Jaguars,DT,Tackle,75,300,01/13/1994,Washington State,,,,,,,1
Jordan Elliott,Jordan,Elliott,,Cleveland Browns,DT,Tackle,,,,,,,,,,,
Justin Ellis,Justin,Ellis,,Baltimore Ravens,DT,Tackle,74,350,12/27/1990,Louisiana Tech,,,,,,,
Poona Ford,Poona,Ford,,Seattle Seahawks,DT,Tackle,71,310,11/19/1995,Texas,,,,,,,2
Leki Fotu,Leki,Fotu,,Arizona Cardinals,DT,Tackle,,,,,,,,,,,1
Greg Gaines,Greg,Gaines,,Los Angeles Rams,DT,Tackle,73,312,05/06/1996,Washington,,,,,,,1.5
Neville Gallimore,Neville,Gallimore,,Dallas Cowboys,DT,Tackle,,,,,,,,,,,0.5
Kevin Givens,Kevin,Givens,,San Francisco 49ers,DT,Tackle,,,,,,,,,,,1
Rodney Gunter,Rodney,Gunter,,Jacksonville Jaguars,DT,Tackle,77,305,01/19/1992,Delaware State,,,,,,,
Lawrence Guy,Lawrence,Guy,,New England Patriots,DT,Tackle,76,315,03/17/1990,Arizona State,,,,,,,2
Woodrow Hamilton,Woodrow,Hamilton,,Carolina Panthers,DT,Tackle,,,,,,,,,,,
Johnathan Hankins,Johnathan,Hankins,,Las Vegas Raiders,DT,Tackle,75,340,03/30/1992,Ohio State,,,,,,,1
Javon Hargrave,Javon,Hargrave,,Philadelphia Eagles,DT,Tackle,74,305,02/07/1993,South Carolina State,,,,,,,4.5
Damon Harrison,Damon,Harrison,,Green Bay Packers,DT,Tackle,75,350,11/29/1988,William Penn,,,,,,,
Maurice Hurst,Maurice,Hurst,,Las Vegas Raiders,DT,Tackle,73,291,05/09/1995,Michigan,,,,,,,0.5
Malik Jackson,Malik,Jackson,,Philadelphia Eagles,DT,Tackle,77,290,01/11/1990,Tennessee,,,,,,,2.5
Grady Jarrett,Grady,Jarrett,,Atlanta Falcons,DT,Tackle,72,305,04/28/1993,Clemson,,,,,,,4
Quinton Jefferson,Quinton,Jefferson,,Buffalo Bills,DT,Tackle,76,291,03/31/1993,Maryland,,,,,,,3
Iseoluwapo Jegede,Iseoluwapo,Jegede,,Indianapolis Colts,DT,Tackle,,,,,,,,,,,
John Jenkins,John,Jenkins,,Chicago Bears,DT,Tackle,75,327,07/11/1989,Georgia,,,,,,,
Jaleel Johnson,Jaleel,Johnson,,Minnesota Vikings,DT,Tackle,75,316,07/12/1994,Iowa,,,,,,,1.5
Nazair Jones,Nazair,Jones,,Seattle Seahawks,DT,Tackle,77,292,12/13/1994,North Carolina,,,,,,,
Justin Jones,Justin,Jones,,Los Angeles Chargers,DT,Tackle,75,309,08/28/1996,North Carolina State,,,,,,,1
D.J. Jones,D.J.,Jones,,San Francisco 49ers,DT,Tackle,72,305,01/19/1995,Mississippi,,,,,,,3
Chris Jones,Chris,Jones,,Kansas City Chiefs,DT,Tackle,78,308,07/03/1994,Mississippi State,,,,,,,7.5
Benito Jones,Benito,Jones,,Miami Dolphins,DT,Tackle,,,,,,,,,,,
Linval Joseph,Linval,Joseph,,Los Angeles Chargers,DT,Tackle,76,329,10/10/1988,East Carolina,,,,,,,
Zach Kerr,Zach,Kerr,,Carolina Panthers,DT,Tackle,74,334,08/29/1990,Delaware,,,,,,,2
Javon Kinlaw,Javon,Kinlaw,,San Francisco 49ers,DT,Tackle,,,,,,,,,,,1.5
Cedrick Lattimore,Cedrick,Lattimore,,Seattle Seahawks,DT,Tackle,,,,,,,,,,,
Rashard Lawrence,Rashard,Lawrence,,Arizona Cardinals,DT,Tackle,,,,,,,,,,,
Ray Lima,Ray,Lima,,Miami Dolphins,DT,Tackle,,,,,,,,,,,
Kyle Love,Kyle,Love,,Tampa Bay Buccaneers,DT,Tackle,73,310,11/18/1986,Mississippi State,,,,,,,
James Lynch,James,Lynch,,Minnesota Vikings,DT,Tackle,,,,,,,,,,,1
Justin Madubuike,Justin,Madubuike,,Baltimore Ravens,DT,Tackle,,,,,,,,,,,1
Garrett Marino,Garrett,Marino,,Dallas Cowboys,DT,Tackle,,,,,,,,,,,
Dan McCullers,Dan,McCullers,,Chicago Bears,DT,Tackle,79,352,08/11/1992,Tennessee,,,,,,,
T.Y. McGill,T.Y.,McGill,,Philadelphia Eagles,DT,Tackle,72,299,11/23/1992,North Carolina State,,,,,,,0.5
R.J. McIntosh,R.J.,McIntosh,,New York Giants,DT,Tackle,,,,,,,,,,,
Kahlil McKenzie,Kahlil,McKenzie,,Cincinnati Bengals,DT,Tackle,,,,,,,,,,,
Henry Mondeaux,Henry,Mondeaux,,Pittsburgh Steelers,DT,Tackle,,,,,,,,,,,
Bryan Mone,Bryan,Mone,,Seattle Seahawks,DT,Tackle,75,366,10/20/1995,Michigan,,,,,,,0.5
Larrell Murchison,Larrell,Murchison,,Tennessee Titans,DT,Tackle,,,,,,,,,,,
Derrick Nnadi,Derrick,Nnadi,,Kansas City Chiefs,DT,Tackle,73,310,05/09/1996,Florida State,,,,,,,
Kendrick Norton,Kendrick,Norton,,Miami Dolphins,DT,Tackle,,,,,,,,,,,
Rakeem Nunez-Roches,Rakeem,Nunez-Roches,,Tampa Bay Buccaneers,DT,Tackle,74,307,07/03/1993,Southern Mississippi,,,,,,,
Larry Ogunjobi,Larry,Ogunjobi,,Cleveland Browns,DT,Tackle,75,305,06/03/1994,North Carolina-Charlotte,,,,,,,2.5
Ed Oliver,Ed,Oliver,,Buffalo Bills,DT,Tackle,73,287,12/12/1997,Houston,,,,,,,3
David Onyemata,David,Onyemata,,New Orleans Saints,DT,Tackle,76,300,11/13/1992,"Manitoba, Can.",,,,,,,6.5
Daron Payne,Daron,Payne,,Washington Football Team,DT,Tackle,,,,,,,,,,,3
John Penisini,John,Penisini,,Detroit Lions,DT,Tackle,,,,,,,,,,,1
Mike Pennel,Mike,Pennel,,Kansas City Chiefs,DT,Tackle,76,332,05/09/1991,Colorado State-Pueblo,,,,,,,
Harrison Phillips,Harrison,Phillips,,Buffalo Bills,DT,Tackle,75,307,01/25/1996,Stanford,,,,,,,
Sheldon Rankins,Sheldon,Rankins,,New Orleans Saints,DT,Tackle,74,305,04/02/1994,Louisville,,,,,,,1.5
Jarran Reed,Jarran,Reed,,Seattle Seahawks,DT,Tackle,75,306,12/16/1992,Alabama,,,,,,,6.5
Caraun Reid,Caraun,Reid,,Jacksonville Jaguars,DT,Tackle,74,292,11/23/1991,Princeton,,,,,,,
Sam Renner,Sam,Renner,,Los Angeles Rams,DT,Tackle,,,,,,,,,,,
Sheldon Richardson,Sheldon,Richardson,,Cleveland Browns,DT,Tackle,75,294,11/29/1990,Missouri,,,,,,,4.5
Malcolm Roach,Malcolm,Roach,,New Orleans Saints,DT,Tackle,,,,,,,,,,,
Austrian Robinson,Austrian,Robinson,,Carolina Panthers,DT,Tackle,,,,,,,,,,,
A'Shawn Robinson,A'Shawn,Robinson,,Los Angeles Rams,DT,Tackle,76,330,03/21/1995,Alabama,,,,,,,
Daniel Ross,Daniel,Ross,,Jacksonville Jaguars,DT,Tackle,76,300,03/15/1993,Northeast Mississippi CC,,,,,,,
Bravvion Roy,Bravvion,Roy,,Carolina Panthers,DT,Tackle,,,,,,,,,,,1
Khalen Saunders,Khalen,Saunders,,Kansas City Chiefs,DT,Tackle,72,324,08/09/1996,Western Illinois,,,,,,,
Deadrin Senat,Deadrin,Senat,,Atlanta Falcons,DT,Tackle,73,305,07/22/1994,South Florida,,,,,,,
Tim Settle,Tim,Settle,,Washington Football Team,DT,Tackle,75,308,07/11/1997,Virginia Tech,,,,,,,5
Tanzel Smart,Tanzel,Smart,,New York Jets,DT,Tackle,73,295,11/06/1994,Tulane,,,,,,,
Ray Smith,Ray,Smith,,Miami Dolphins,DT,Tackle,,,,,,,,,,,
Akeem Spence,Akeem,Spence,,New England Patriots,DT,Tackle,73,307,11/29/1991,Illinois,,,,,,,
Taylor Stallworth,Taylor,Stallworth,,Indianapolis Colts,DT,Tackle,74,305,08/18/1995,South Carolina,,,,,,,0.5
Shamar Stephen,Shamar,Stephen,,Minnesota Vikings,DT,Tackle,77,310,02/25/1991,Connecticut,,,,,,,0.5
Grover Stewart,Grover,Stewart,,Indianapolis Colts,DT,Tackle,76,315,10/20/1993,"Albany State, Ga.",,,,,,,0.5
Kevin Strong,Kevin,Strong,,Detroit Lions,DT,Tackle,76,285,08/05/1996,Texas-San Antonio,,,,,,,1
Vincent Taylor,Vincent,Taylor,,Cleveland Browns,DT,Tackle,75,311,01/05/1994,Oklahoma State,,,,,,,
Jay-Tee Tiuli,Jay-Tee,Tiuli,,Denver Broncos,DT,Tackle,,,,,,,,,,,
Jacob Tuioti-Mariner,Jacob,Tuioti-Mariner,,Atlanta Falcons,DT,Tackle,74,285,07/25/1996,UCLA,,,,,,,1
Shy Tuttle,Shy,Tuttle,,New Orleans Saints,DT,Tackle,75,300,10/20/1995,Tennessee,,,,,,,
Kendal Vickers,Kendal,Vickers,,Las Vegas Raiders,DT,Tackle,,,,,,,,,,,2
Courtney Wallace,Courtney,Wallace,,New England Patriots,DT,Tackle,,,,,,,,,,,
Broderick Washington,Broderick,Washington,,Baltimore Ravens,DT,Tackle,,,,,,,,,,,
Armon Watts,Armon,Watts,,Minnesota Vikings,DT,Tackle,77,295,07/22/1996,Arkansas,,,,,,,0.5
Tershawn Wharton,Tershawn,Wharton,,Kansas City Chiefs,DT,Tackle,,,,,,,,,,,2
Jeffery Whatley,Jeffery,Whatley,,Cleveland Browns,DT,Tackle,,,,,,,,,,,
Sylvester Williams,Sylvester,Williams,,Denver Broncos,DT,Tackle,74,328,11/21/1988,North Carolina,,,,,,,
Raequan Williams,Raequan,Williams,,Philadelphia Eagles,DT,Tackle,,,,,,,,,,,1
Brandon Williams,Brandon,Williams,,Baltimore Ravens,DT,Tackle,73,336,02/21/1989,Missouri Southern,,,,,,,
Gerald Willis,Gerald,Willis,,Green Bay Packers,DT,Tackle,74,300,08/23/1995,Miami (Fla.),,,,,,,
Justin Zimmer,Justin,Zimmer,,Buffalo Bills,DT,Tackle,75,292,10/23/1992,Ferris State,,,,,,,1
Tyrell Adams,Tyrell,Adams,,Houston Texans,OLB,Tackle,74,228,04/11/1992,West Georgia,,,,,,,2
Matthew Adams,Matthew,Adams,,Indianapolis Colts,OLB,Tackle,72,229,12/12/1995,Houston,,,,,,,
Azeez Al-Shaair,Azeez,Al-Shaair,,San Francisco 49ers,OLB,Tackle,74,228,08/04/1997,Florida Atlantic,,,,,,,
Jeremiah Attaochu,Jeremiah,Attaochu,,Denver Broncos,OLB,Tackle,75,252,01/17/1993,Georgia Tech,,,,,,,5
Shaquil Barrett,Shaquil,Barrett,,Tampa Bay Buccaneers,OLB,Tackle,74,250,11/17/1992,Colorado State,,,,,,,8
Cody Barton,Cody,Barton,,Seattle Seahawks,OLB,Tackle,74,237,11/13/1996,Utah,,,,,,,
Tarell Basham,Tarell,Basham,,New York Jets,OLB,Tackle,76,266,03/18/1994,Ohio,,,,,,,3.5
Zack Baun,Zack,Baun,,New Orleans Saints,OLB,Tackle,,,,,,,,,,,
Jordyn Brooks,Jordyn,Brooks,,Seattle Seahawks,OLB,Tackle,,,,,,,,,,,
Jatavis Brown,Jatavis,Brown,,Philadelphia Eagles,OLB,Tackle,71,221,02/18/1994,Akron,,,,,,,
Deone Bucannon,Deone,Bucannon,,Tampa Bay Buccaneers,OLB,Tackle,73,211,08/30/1992,Washington State,,,,,,,
Austin Calitro,Austin,Calitro,,Denver Broncos,OLB,Tackle,72,240,01/10/1994,Villanova,,,,,,,
Jeremy Chinn,Jeremy,Chinn,,Carolina Panthers,OLB,Tackle,,,,,,,,,,,1
Bradley Chubb,Bradley,Chubb,,Denver Broncos,OLB,Tackle,76,275,06/24/1996,North Carolina State,,,,,,,7.5
Jamie Collins,Jamie,Collins,,Detroit Lions,OLB,Tackle,75,255,10/20/1989,Southern Mississippi,,,,,,,1
Carter Coughlin,Carter,Coughlin,,New York Giants,OLB,Tackle,,,,,,,,,,,1
Thomas Davis,Thomas,Davis,,Washington Football Team,OLB,Tackle,73,235,03/22/1983,Georgia,,,,,,,
Demario Davis,Demario,Davis,,New Orleans Saints,OLB,Tackle,74,248,01/11/1989,Arkansas State,,,,,,,4
Akeem Davis-Gaither,Akeem,Davis-Gaither,,Cincinnati Bengals,OLB,Tackle,,,,,,,,,,,0.5
Troy Dye,Troy,Dye,,Minnesota Vikings,OLB,Tackle,,,,,,,,,,,
Samson Ebukam,Samson,Ebukam,,Los Angeles Rams,OLB,Tackle,75,245,05/09/1995,Eastern Washington,,,,,,,4.5
Kyle Emanuel,Kyle,Emanuel,,Houston Texans,OLB,Tackle,75,250,08/16/1991,North Dakota State,,,,,,,
Jordan Evans,Jordan,Evans,,Cincinnati Bengals,OLB,Tackle,75,242,01/27/1995,Oklahoma,,,,,,,2
Kyler Fackrell,Kyler,Fackrell,,New York Giants,OLB,Tackle,77,245,11/25/1991,Utah State,,,,,,,4
Demetrius Flannigan-Fowles,Demetrius,Flannigan-Fowles,,San Francisco 49ers,OLB,Tackle,,,,,,,,,,,
Leonard Floyd,Leonard,Floyd,,Los Angeles Rams,OLB,Tackle,77,240,09/08/1992,Georgia,,,,,,,10.5
L.J. Fort,L.J.,Fort,,Baltimore Ravens,OLB,Tackle,72,232,01/03/1990,Northern Iowa,,,,,,,
Zaire Franklin,Zaire,Franklin,,Indianapolis Colts,OLB,Tackle,72,236,07/02/1996,Syracuse,,,,,,,
Rashan Gary,Rashan,Gary,,Green Bay Packers,OLB,Tackle,77,277,12/03/1997,Michigan,,,,,,,5
Willie Gay Jr.,Willie,Gay,Jr.,Kansas City Chiefs,OLB,Tackle,,,,,,,,,,,1
Joe Giles-Harris,Joe,Giles-Harris,,Jacksonville Jaguars,OLB,Tackle,74,234,04/01/1997,Duke,,,,,,,1
Markus Golden,Markus,Golden,,Arizona Cardinals,OLB,Tackle,75,260,03/13/1991,Missouri,,,,,,,6
Dre Greenlaw,Dre,Greenlaw,,San Francisco 49ers,OLB,Tackle,72,225,05/25/1997,Arkansas,,,,,,,1
Shaquem Griffin,Shaquem,Griffin,,Seattle Seahawks,OLB,Tackle,72,229,07/20/1995,Central Florida,,,,,,,1
Kamu Grugier-Hill,Kamu,Grugier-Hill,,Miami Dolphins,OLB,Tackle,74,230,05/16/1994,Eastern Illinois,,,,,,,1
Bryce Hager,Bryce,Hager,,New York Jets,OLB,Tackle,73,237,05/04/1992,Baylor,,,,,,,0.5
Darius Harris,Darius,Harris,,Kansas City Chiefs,OLB,Tackle,,,,,,,,,,,
Malik Harrison,Malik,Harrison,,Baltimore Ravens,OLB,Tackle,,,,,,,,,,,
Alex Highsmith,Alex,Highsmith,,Pittsburgh Steelers,OLB,Tackle,,,,,,,,,,,2
Cole Holcomb,Cole,Holcomb,,Washington Football Team,OLB,Tackle,73,240,07/30/1996,North Carolina,,,,,,,2.5
Khaleke Hudson,Khaleke,Hudson,,Washington Football Team,OLB,Tackle,,,,,,,,,,,
Myles Jack,Myles,Jack,,Jacksonville Jaguars,OLB,Tackle,73,244,09/03/1995,UCLA,,,,,,,1
Deion Jones,Deion,Jones,,Atlanta Falcons,OLB,Tackle,73,227,11/04/1994,Louisiana State,,,,,,,4.5
Christian Jones,Christian,Jones,,Detroit Lions,OLB,Tackle,75,250,02/18/1991,Florida State,,,,,,,
Devon Kennard,Devon,Kennard,,Arizona Cardinals,OLB,Tackle,75,256,06/24/1991,Southern California,,,,,,,3
A.J. Klein,A.J.,Klein,,Buffalo Bills,OLB,Tackle,73,240,07/30/1991,Iowa State,,,,,,,5
Harold Landry,Harold,Landry,,Tennessee Titans,OLB,Tackle,74,250,06/05/1996,Boston College,,,,,,,5.5
Shaq Lawson,Shaq,Lawson,,Miami Dolphins,OLB,Tackle,75,267,06/17/1994,Clemson,,,,,,,4
Sean Lee,Sean,Lee,,Dallas Cowboys,OLB,Tackle,74,245,07/22/1986,Penn State,,,,,,,
Elijah Lee,Elijah,Lee,,Cleveland Browns,OLB,Tackle,74,229,02/08/1996,Kansas State,,,,,,,
Darius Leonard,Darius,Leonard,,Indianapolis Colts,OLB,Tackle,74,230,07/27/1995,South Carolina State,,,,,,,3
Cory Littleton,Cory,Littleton,,Las Vegas Raiders,OLB,Tackle,75,228,11/18/1993,Washington,,,,,,,
Aaron Lynch,Aaron,Lynch,,Jacksonville Jaguars,OLB,Tackle,77,285,02/08/1993,South Florida,,,,,,,1
Khalil Mack,Khalil,Mack,,Chicago Bears,OLB,Tackle,75,269,02/22/1991,Buffalo,,,,,,,9
David Mayo,David,Mayo,,New York Giants,OLB,Tackle,74,245,08/08/1993,Texas State,,,,,,,
Pernell McPhee,Pernell,McPhee,,Baltimore Ravens,OLB,Tackle,75,269,12/17/1988,Mississippi State,,,,,,,3
Matt Milano,Matt,Milano,,Buffalo Bills,OLB,Tackle,72,223,07/28/1994,Boston College,,,,,,,3.5
Barkevious Mingo,Barkevious,Mingo,,Chicago Bears,OLB,Tackle,77,235,10/04/1990,Louisiana State,,,,,,,2.5
Nicholas Morrow,Nicholas,Morrow,,Las Vegas Raiders,OLB,Tackle,72,225,07/10/1995,Greenville,,,,,,,3
Kenneth Murray,Kenneth,Murray,,Los Angeles Chargers,OLB,Tackle,,,,,,,,,,,1
Anthony Nelson,Anthony,Nelson,,Tampa Bay Buccaneers,OLB,Tackle,79,272,03/04/1997,Iowa,,,,,,,1
Ben Niemann,Ben,Niemann,,Kansas City Chiefs,OLB,Tackle,74,233,07/27/1995,Iowa,,,,,,,1
Mark Nzeocha,Mark,Nzeocha,,San Francisco 49ers,OLB,Tackle,75,239,01/19/1990,Wyoming,,,,,,,
Bobby Okereke,Bobby,Okereke,,Indianapolis Colts,OLB,Tackle,73,234,07/29/1996,Stanford,,,,,,,
Jacob Phillips,Jacob,Phillips,,Cleveland Browns,OLB,Tackle,,,,,,,,,,,
Kevin Pierre-Louis,Kevin,Pierre-Louis,,Washington Football Team,OLB,Tackle,72,230,10/07/1991,Boston College,,,,,,,1
Jason Pierre-Paul,Jason,Pierre-Paul,,Tampa Bay Buccaneers,OLB,Tackle,77,275,01/01/1989,South Florida,,,,,,,9.5
Germaine Pratt,Germaine,Pratt,,Cincinnati Bengals,OLB,Tackle,75,245,05/21/1996,North Carolina State,,,,,,,
Robert Quinn,Robert,Quinn,,Chicago Bears,OLB,Tackle,76,257,05/18/1990,North Carolina,,,,,,,2
Haason Reddick,Haason,Reddick,,Arizona Cardinals,OLB,Tackle,73,235,09/22/1994,Temple,,,,,,,12.5
Malik Reed,Malik,Reed,,Denver Broncos,OLB,Tackle,74,235,08/05/1996,Nevada,,,,,,,8
Brennan Scarlett,Brennan,Scarlett,,Houston Texans,OLB,Tackle,76,263,07/31/1993,Stanford,,,,,,,
Isaiah Simmons,Isaiah,Simmons,,Arizona Cardinals,OLB,Tackle,,,,,,,,,,,2
Alex Singleton,Alex,Singleton,,Philadelphia Eagles,OLB,Tackle,,,,,,,,,,,2
Za'Darius Smith,Za'Darius,Smith,,Green Bay Packers,OLB,Tackle,76,272,09/08/1992,Kentucky,,,,,,,12.5
Preston Smith,Preston,Smith,,Green Bay Packers,OLB,Tackle,77,265,11/17/1992,Mississippi State,,,,,,,4
Malcolm Smith,Malcolm,Smith,,Cleveland Browns,OLB,Tackle,72,225,07/05/1989,Southern California,,,,,,,1
Sione Takitaki,Sione,Takitaki,,Cleveland Browns,OLB,Tackle,73,238,06/08/1995,Brigham Young,,,,,,,1
Jahlani Tavai,Jahlani,Tavai,,Detroit Lions,OLB,Tackle,74,250,09/28/1996,Hawaii,,,,,,,
Joe Thomas,Joe,Thomas,,Dallas Cowboys,OLB,Tackle,78,312,12/04/1984,Wisconsin,,,,,,,
Shaq Thompson,Shaq,Thompson,,Carolina Panthers,OLB,Tackle,72,230,04/21/1994,Washington,,,,,,,
Andrew Van Ginkel,Andrew,Van Ginkel,,Miami Dolphins,OLB,Tackle,76,242,07/01/1995,Wisconsin,,,,,,,5.5
Leighton Vander Esch,Leighton,Vander Esch,,Dallas Cowboys,OLB,Tackle,76,255,02/08/1996,Boise State,,,,,,,1
Nick Vigil,Nick,Vigil,,Los Angeles Chargers,OLB,Tackle,74,235,08/20/1993,Utah State,,,,,,,2
Mykal Walker,Mykal,Walker,,Atlanta Falcons,OLB,Tackle,,,,,,,,,,,
T.J. Watt,T.J.,Watt,,Pittsburgh Steelers,OLB,Tackle,76,252,10/11/1994,Wisconsin,,,,,,,15
Logan Wilson,Logan,Wilson,,Cincinnati Bengals,OLB,Tackle,,,,,,,,,,,1
Mack Wilson,Mack,Wilson,,Cleveland Browns,OLB,Tackle,73,240,02/14/1998,Alabama,,,,,,,
Eric Wilson,Eric,Wilson,,Minnesota Vikings,OLB,Tackle,73,230,09/26/1994,Cincinnati,,,,,,,3
Damien Wilson,Damien,Wilson,,Kansas City Chiefs,OLB,Tackle,72,243,05/28/1993,Minnesota,,,,,,,
K.J. Wright,K.J.,Wright,,Seattle Seahawks,OLB,Tackle,76,246,07/23/1989,Mississippi State,,,,,,,2
Josh Allen,Josh,Allen,,Buffalo Bills,QB,Passing,77,237,05/21/1996,Wyoming,4544,107.2,37,421,,,
Brandon Allen,Brandon,Allen,,Cincinnati Bengals,QB,Passing,74,209,09/05/1992,Arkansas,925,82,5,,,,
Drew Anderson,Drew,Anderson,,Arizona Cardinals,QB,Passing,,,,,,,,,,,
Matt Barkley,Matt,Barkley,,Buffalo Bills,QB,Passing,74,234,09/08/1990,Southern California,,,,,,,
J.T. Barrett,J.T.,Barrett,,Pittsburgh Steelers,QB,Passing,,,,,,,,,,,
C.J. Beathard,C.J.,Beathard,,San Francisco 49ers,QB,Passing,74,215,11/16/1993,Iowa,787,105.7,6,,,,
David Blough,David,Blough,,Detroit Lions,QB,Passing,,,,,,,,,,,
Blake Bortles,Blake,Bortles,,Los Angeles Rams,QB,Passing,77,236,04/28/1992,Central Florida,,,,,,,
Tim Boyle,Tim,Boyle,,Green Bay Packers,QB,Passing,76,233,10/03/1994,Eastern Kentucky,,,,,,,
Tom Brady,Tom,Brady,,Tampa Bay Buccaneers,QB,Passing,76,225,08/03/1977,Michigan,4633,102.2,40,,,,
Drew Brees,Drew,Brees,,New Orleans Saints,QB,Passing,72,209,01/15/1979,Purdue,2942,106.4,24,,,,
Teddy Bridgewater,Teddy,Bridgewater,,Carolina Panthers,QB,Passing,74,215,11/10/1992,Louisville,3733,92.1,15,279,,,
Jacoby Brissett,Jacoby,Brissett,,Indianapolis Colts,QB,Passing,76,235,12/11/1992,North Carolina State,,,,,,,
Derek Carr,Derek,Carr,,Las Vegas Raiders,QB,Passing,75,210,03/28/1991,Fresno State,4103,101.4,27,140,,,
Case Cookus,Case,Cookus,,New York Giants,QB,Passing,,,,,,,,,,,
Kirk Cousins,Kirk,Cousins,,Minnesota Vikings,QB,Passing,75,202,08/19/1988,Michigan State,4265,105,35,156,,,
Andy Dalton,Andy,Dalton,,Dallas Cowboys,QB,Passing,74,220,10/29/1987,Texas Christian,2170,87.3,14,114,,,
Chase Daniel,Chase,Daniel,,Detroit Lions,QB,Passing,72,229,10/07/1986,Missouri,,,,,,,
Sam Darnold,Sam,Darnold,,New York Jets,QB,Passing,75,225,06/05/1997,Southern California,2208,72.7,9,217,,,
Ben DiNucci,Ben,DiNucci,,Dallas Cowboys,QB,Passing,,,,,,,,,,,
Joshua Dobbs,Joshua,Dobbs,,Pittsburgh Steelers,QB,Passing,75,216,01/26/1995,Tennessee,,,,,,,
Jeff Driskel,Jeff,Driskel,,Denver Broncos,QB,Passing,76,235,04/23/1993,Louisiana Tech,,,,,,,
Jacob Eason,Jacob,Eason,,Indianapolis Colts,QB,Passing,,,,,,,,,,,
Ryan Finley,Ryan,Finley,,Cincinnati Bengals,QB,Passing,76,207,12/26/1994,North Carolina State,,,,,,,
Joe Flacco,Joe,Flacco,,New York Jets,QB,Passing,78,245,01/16/1985,Delaware,864,80.6,6,,,,
Nick Foles,Nick,Foles,,Chicago Bears,QB,Passing,78,243,01/20/1989,Arizona,1852,81,10,,,,
Jake Fromm,Jake,Fromm,,Buffalo Bills,QB,Passing,,,,,,,,,,,
Blaine Gabbert,Blaine,Gabbert,,Tampa Bay Buccaneers,QB,Passing,77,235,10/15/1989,Missouri,,,,,,,
Garrett Gilbert,Garrett,Gilbert,,Dallas Cowboys,QB,Passing,76,230,07/01/1991,Southern Methodist,,,,,,,
Mike Glennon,Mike,Glennon,,Jacksonville Jaguars,QB,Passing,79,225,12/12/1989,North Carolina State,1072,80.1,7,,,,
Jared Goff,Jared,Goff,,Los Angeles Rams,QB,Passing,76,223,10/14/1994,California,3952,90,20,99,,,
Will Grier,Will,Grier,,Carolina Panthers,QB,Passing,,,,,,,,,,,
Ryan Griffin,Ryan,Griffin,,Tampa Bay Buccaneers,QB,Passing,,,,,,,,,86,0,
Taylor Heinicke,Taylor,Heinicke,,Washington Football Team,QB,Passing,73,210,03/15/1993,Old Dominion,,,,,,,
Chad Henne,Chad,Henne,,Kansas City Chiefs,QB,Passing,75,222,07/02/1985,Michigan,,,,,,,
Justin Herbert,Justin,Herbert,,Los Angeles Chargers,QB,Passing,,,,,4336,98.3,31,234,,,
Taysom Hill,Taysom,Hill,,New Orleans Saints,QB,Passing,74,221,08/23/1990,Brigham Young,928,98.8,4,457,98,1,
Brian Hoyer,Brian,Hoyer,,New England Patriots,QB,Passing,74,215,10/13/1985,Michigan State,,,,,,,
Brett Hundley,Brett,Hundley,,Arizona Cardinals,QB,Passing,75,226,06/15/1993,UCLA,,,,,,,
Tyler Huntley,Tyler,Huntley,,Baltimore Ravens,QB,Passing,,,,,,,,,,,
Jalen Hurts,Jalen,Hurts,,Philadelphia Eagles,QB,Passing,,,,,1061,77.6,6,354,,,
Lamar Jackson,Lamar,Jackson,,Baltimore Ravens,QB,Passing,74,212,01/07/1997,Louisville,2757,99.3,26,1005,,,
Daniel Jones,Daniel,Jones,,New York Giants,QB,Passing,77,220,05/27/1997,Duke,2943,80.4,11,423,,,
Case Keenum,Case,Keenum,,Cleveland Browns,QB,Passing,73,215,02/17/1988,Houston,,,,,,,
Drew Lock,Drew,Lock,,Denver Broncos,QB,Passing,,,,,2933,75.4,16,160,,,
Josh Love,Josh,Love,,Los Angeles Rams,QB,Passing,,,,,,,,,,,
Jordan Love,Jordan,Love,,Green Bay Packers,QB,Passing,,,,,,,,,,,
Jake Luton,Jake,Luton,,Jacksonville Jaguars,QB,Passing,,,,,624,54.5,2,,,,
Patrick Mahomes,Patrick,Mahomes,,Kansas City Chiefs,QB,Passing,75,230,09/17/1995,Texas Tech,4740,108.2,38,308,,,
Sean Mannion,Sean,Mannion,,Minnesota Vikings,QB,Passing,78,231,04/25/1992,Oregon State,,,,,,,
Marcus Mariota,Marcus,Mariota,,Las Vegas Raiders,QB,Passing,76,222,10/30/1993,Oregon,,,,,,,
Baker Mayfield,Baker,Mayfield,,Cleveland Browns,QB,Passing,73,215,04/14/1995,Oklahoma,3563,95.9,26,165,,,
AJ McCarron,AJ,McCarron,,Houston Texans,QB,Passing,75,220,09/13/1990,Alabama,,,,,,,
Josh McCown,Josh,McCown,,Houston Texans,QB,Passing,76,218,07/04/1979,Sam Houston State,,,,,,,
Colt McCoy,Colt,McCoy,,New York Giants,QB,Passing,73,212,09/05/1986,Texas,,,,,,,
Cole McDonald,Cole,McDonald,,Tennessee Titans,QB,Passing,,,,,,,,,,,
Gardner Minshew,Gardner,Minshew,,Jacksonville Jaguars,QB,Passing,73,225,05/16/1996,Washington State,2259,95.9,16,153,,,
Steven Montez,Steven,Montez,,Washington Football Team,QB,Passing,,,,,,,,,,,
James Morgan,James,Morgan,,New York Jets,QB,Passing,,,,,,,,,,,
Jalen Morton,Jalen,Morton,,Green Bay Packers,QB,Passing,,,,,,,,,,,
Kyler Murray,Kyler,Murray,,Arizona Cardinals,QB,Passing,70,207,08/07/1997,Oklahoma,3971,94.3,26,819,,,
Riley Neal,Riley,Neal,,Denver Broncos,QB,Passing,,,,,,,,,,,
Cam Newton,Cam,Newton,,New England Patriots,QB,Passing,77,245,05/11/1989,Auburn,2657,82.9,8,592,35,1,
Shea Patterson,Shea,Patterson,,Kansas City Chiefs,QB,Passing,,,,,,,,,,,
Nathan Peterman,Nathan,Peterman,,Las Vegas Raiders,QB,Passing,74,225,05/04/1994,Pittsburgh,,,,,,,
Philip Rivers,Philip,Rivers,,Indianapolis Colts,QB,Passing,77,228,12/08/1981,North Carolina State,4169,97,24,,,,
Aaron Rodgers,Aaron,Rodgers,,Green Bay Packers,QB,Passing,74,225,12/02/1983,California,4299,121.5,48,149,,,
Ben Roethlisberger,Ben,Roethlisberger,,Pittsburgh Steelers,QB,Passing,77,240,03/02/1982,Miami (Ohio),3803,94.1,33,,,,
Josh Rosen,Josh,Rosen,,San Francisco 49ers,QB,Passing,76,226,02/10/1997,UCLA,,,,,,,
Jake Rudock,Jake,Rudock,,Miami Dolphins,QB,Passing,75,212,01/21/1993,Michigan,,,,,,,
Mason Rudolph,Mason,Rudolph,,Pittsburgh Steelers,QB,Passing,77,235,07/17/1995,Oklahoma State,,,,,,,
Broc Rutter,Broc,Rutter,,San Francisco 49ers,QB,Passing,,,,,,,,,,,
Matt Ryan,Matt,Ryan,,Atlanta Falcons,QB,Passing,76,217,05/17/1985,Boston College,4581,93.3,26,,,,
Brett Rypien,Brett,Rypien,,Denver Broncos,QB,Passing,,,,,,,,,,,
Matt Schaub,Matt,Schaub,,Atlanta Falcons,QB,Passing,78,245,06/25/1981,Virginia,,,,,,,
J'Mar Smith,J'Mar,Smith,,New England Patriots,QB,Passing,,,,,,,,,,,
Geno Smith,Geno,Smith,,Seattle Seahawks,QB,Passing,75,221,10/10/1990,West Virginia,,,,,,,
Alex Smith,Alex,Smith,,Washington Football Team,QB,Passing,76,213,05/07/1984,Utah,1582,78.5,6,,,,
Matthew Stafford,Matthew,Stafford,,Detroit Lions,QB,Passing,75,220,02/07/1988,Georgia,4084,96.3,26,112,,,
Tommy Stevens,Tommy,Stevens,,Carolina Panthers,QB,Passing,,,,,,,,,,,
Easton Stick,Easton,Stick,,Los Angeles Chargers,QB,Passing,,,,,,,,,,,
Jarrett Stidham,Jarrett,Stidham,,New England Patriots,QB,Passing,75,214,08/08/1996,Auburn,,,,,,,
Chris Streveler,Chris,Streveler,,Arizona Cardinals,QB,Passing,,,,,,,,,,,
Nate Sudfeld,Nate,Sudfeld,,Philadelphia Eagles,QB,Passing,78,227,10/07/1993,Indiana,,,,,,,
Tua Tagovailoa,Tua,Tagovailoa,,Miami Dolphins,QB,Passing,,,,,1814,87.1,11,109,,,
Ryan Tannehill,Ryan,Tannehill,,Tennessee Titans,QB,Passing,76,207,07/27/1988,Texas A&M,3819,106.5,33,266,,,
Tyrod Taylor,Tyrod,Taylor,,Los Angeles Chargers,QB,Passing,73,215,08/03/1989,Virginia Tech,,,,,,,
Nick Tiano,Nick,Tiano,,Houston Texans,QB,Passing,,,,,,,,,,,
Mitchell Trubisky,Mitchell,Trubisky,,Chicago Bears,QB,Passing,74,215,08/20/1994,North Carolina,2055,93.5,16,195,,,
P.J. Walker,P.J.,Walker,,Carolina Panthers,QB,Passing,,,,,,,,,,,
Deshaun Watson,Deshaun,Watson,,Houston Texans,QB,Passing,74,221,09/14/1995,Clemson,4823,112.4,33,444,,,
Carson Wentz,Carson,Wentz,,Philadelphia Eagles,QB,Passing,77,237,12/30/1992,North Dakota State,2620,72.8,16,276,,,
Manny Wilkins,Manny,Wilkins,,Green Bay Packers,QB,Passing,,,,,,,,,,,
Russell Wilson,Russell,Wilson,,Seattle Seahawks,QB,Passing,71,215,11/29/1988,Wisconsin,4212,105.1,40,513,,,
Jameis Winston,Jameis,Winston,,New Orleans Saints,QB,Passing,76,231,01/06/1994,Florida State,,,,,,,
John Wolford,John,Wolford,,Los Angeles Rams,QB,Passing,,,,,,,,,,,
Logan Woodside,Logan,Woodside,,Tennessee Titans,QB,Passing,,,,,,,,,,,
Ameer Abdullah,Ameer,Abdullah,,Minnesota Vikings,RB,Rush,69,203,06/13/1993,Nebraska,,,,,58,2,
Josh Adams,Josh,Adams,,New York Jets,RB,Rush,74,225,10/29/1996,Notre Dame,,,,157,29,0,
Salvon Ahmed,Salvon,Ahmed,,Miami Dolphins,RB,Rush,,,,,,,,319,61,0,
Cam Akers,Cam,Akers,,Los Angeles Rams,RB,Rush,,,,,,,,625,123,1,
Rodney Anderson,Rodney,Anderson,,Cincinnati Bengals,RB,Rush,,,,,,,,,,,
Darius Anderson,Darius,Anderson,,Indianapolis Colts,RB,Rush,,,,,,,,,,,
George Aston,George,Aston,,New York Giants,RB,Rush,,,,,,,,,,,
Kalen Ballage,Kalen,Ballage,,Los Angeles Chargers,RB,Rush,74,231,12/22/1995,Arkansas State,,,,316,233,0,
Peyton Barber,Peyton,Barber,,Washington Football Team,RB,Rush,71,225,02/27/1994,Auburn,,,,258,12,0,
Le'Veon Bell,Le'Veon,Bell,,Kansas City Chiefs,RB,Rush,73,225,02/18/1992,Michigan State,,,,402,177,0,
LeVante Bellamy,LeVante,Bellamy,,Denver Broncos,RB,Rush,,,,,,,,,,,
Eno Benjamin,Eno,Benjamin,,Arizona Cardinals,RB,Rush,,,,,,,,,,,
Giovani Bernard,Giovani,Bernard,,Cincinnati Bengals,RB,Rush,69,205,11/22/1991,North Carolina,,,,416,355,3,
Devontae Booker,Devontae,Booker,,Las Vegas Raiders,RB,Rush,71,219,05/27/1992,Utah,,,,423,84,0,
Mike Boone,Mike,Boone,,Minnesota Vikings,RB,Rush,70,205,06/30/1995,Cincinnati,,,,,10,0,
Matt Breida,Matt,Breida,,Miami Dolphins,RB,Rush,71,190,02/28/1995,Georgia Southern,,,,254,96,0,
Malcolm Brown,Malcolm,Brown,,Los Angeles Rams,RB,Rush,71,222,05/15/1993,Texas,,,,419,162,0,
Michael Burton,Michael,Burton,,New Orleans Saints,RB,Rush,72,240,02/01/1992,Rutgers,,,,,28,0,
Trenton Cannon,Trenton,Cannon,,Carolina Panthers,RB,Rush,71,185,07/23/1994,Virginia State,,,,,16,0,
Chris Carson,Chris,Carson,,Seattle Seahawks,RB,Rush,71,222,09/16/1994,Oklahoma State,,,,681,287,4,
Adam Choice,Adam,Choice,,Seattle Seahawks,RB,Rush,,,,,,,,,,,
Nick Chubb,Nick,Chubb,,Cleveland Browns,RB,Rush,71,225,12/27/1995,Georgia,,,,1067,150,0,
Jordan Chunn,Jordan,Chunn,,Dallas Cowboys,RB,Rush,,,,,,,,,,,
Corey Clement,Corey,Clement,,Philadelphia Eagles,RB,Rush,70,220,11/02/1994,Wisconsin,,,,,25,0,
Tevin Coleman,Tevin,Coleman,,San Francisco 49ers,RB,Rush,73,210,04/16/1993,Indiana,,,,,34,0,
Alex Collins,Alex,Collins,,Seattle Seahawks,RB,Rush,70,208,08/26/1994,Arkansas,,,,,,,
James Conner,James,Conner,,Pittsburgh Steelers,RB,Rush,73,233,05/05/1995,Pittsburgh,,,,721,215,0,
Dalvin Cook,Dalvin,Cook,,Minnesota Vikings,RB,Rush,70,210,08/10/1995,Florida State,,,,1557,361,1,
Nathan Cottrell,Nathan,Cottrell,,Jacksonville Jaguars,RB,Rush,,,,,,,,,,,
DeeJay Dallas,DeeJay,Dallas,,Seattle Seahawks,RB,Rush,,,,,,,,108,111,1,
Mike Davis,Mike,Davis,,Carolina Panthers,RB,Rush,69,221,02/19/1993,South Carolina,,,,642,373,2,
A.J. Dillon,A.J.,Dillon,,Green Bay Packers,RB,Rush,,,,,,,,242,21,0,
J.K. Dobbins,J.K.,Dobbins,,Baltimore Ravens,RB,Rush,,,,,,,,805,120,0,
Rico Dowdle,Rico,Dowdle,,Dallas Cowboys,RB,Rush,,,,,,,,,,,
Kenyan Drake,Kenyan,Drake,,Arizona Cardinals,RB,Rush,73,211,01/26/1994,Alabama,,,,955,137,0,
Chase Edmonds,Chase,Edmonds,,Arizona Cardinals,RB,Rush,69,210,04/13/1996,Fordham,,,,448,402,4,
Gus Edwards,Gus,Edwards,,Baltimore Ravens,RB,Rush,73,238,04/13/1995,Rutgers,,,,723,129,0,
Clyde Edwards-Helaire,Clyde,Edwards-Helaire,,Kansas City Chiefs,RB,Rush,,,,,,,,803,297,1,
Austin Ekeler,Austin,Ekeler,,Los Angeles Chargers,RB,Rush,70,200,05/17/1995,"Western State, Colo.",,,,530,403,2,
Ezekiel Elliott,Ezekiel,Elliott,,Dallas Cowboys,RB,Rush,72,228,07/22/1995,Ohio State,,,,979,338,2,
Darrynton Evans,Darrynton,Evans,,Tennessee Titans,RB,Rush,,,,,,,,,27,1,
D'Onta Foreman,D'Onta,Foreman,,Tennessee Titans,RB,Rush,73,236,04/24/1996,Texas,,,,,,,
D.J. Foster,D.J.,Foster,,Arizona Cardinals,RB,Rush,72,205,11/22/1993,Arizona State,,,,,,,
Leonard Fournette,Leonard,Fournette,,Tampa Bay Buccaneers,RB,Rush,72,228,01/18/1995,Louisiana State,,,,367,233,0,
Royce Freeman,Royce,Freeman,,Denver Broncos,RB,Rush,72,238,02/24/1996,Oregon,,,,170,81,0,
Wayne Gallman,Wayne,Gallman,,New York Giants,RB,Rush,72,210,10/01/1994,Clemson,,,,682,114,0,
Myles Gaskin,Myles,Gaskin,,Miami Dolphins,RB,Rush,70,200,02/15/1997,Washington,,,,584,388,2,
Antonio Gibson,Antonio,Gibson,,Washington Football Team,RB,Rush,,,,,,,,795,247,0,
James Gilbert,James,Gilbert,,Los Angeles Rams,RB,Rush,,,,,,,,,,,
Melvin Gordon,Melvin,Gordon,,Denver Broncos,RB,Rush,73,215,04/13/1993,Wisconsin,,,,986,158,1,
Derrius Guice,Derrius,Guice,,Washington Football Team,RB,Rush,71,225,06/21/1997,LSU,,,,,,,
Todd Gurley,Todd,Gurley,,Atlanta Falcons,RB,Rush,73,224,08/03/1994,Georgia,,,,678,164,0,
Darrin Hall,Darrin,Hall,,Pittsburgh Steelers,RB,Rush,,,,,,,,,,,
Derrick Henry,Derrick,Henry,,Tennessee Titans,RB,Rush,75,247,01/04/1994,Alabama,,,,2027,114,0,
Brian Herrien,Brian,Herrien,,Cleveland Browns,RB,Rush,,,,,,,,,,,
Justice Hill,Justice,Hill,,Baltimore Ravens,RB,Rush,70,200,11/14/1997,Oklahoma State,,,,,20,0,
Brian Hill,Brian,Hill,,Atlanta Falcons,RB,Rush,73,219,11/09/1995,Wyoming,,,,465,199,0,
Dontrell Hilliard,Dontrell,Hilliard,,Houston Texans,RB,Rush,71,202,02/26/1995,Tulane,,,,,4,0,
Jon Hilliman,Jon,Hilliman,,New York Giants,RB,Rush,72,226,11/14/1995,Rutgers,,,,,,,
Nyheim Hines,Nyheim,Hines,,Indianapolis Colts,RB,Rush,69,198,11/12/1996,North Carolina State,,,,380,482,4,
Buddy Howell,Buddy,Howell,,Houston Texans,RB,Rush,73,218,03/27/1996,Florida Atlantic,,,,,,,
Kareem Hunt,Kareem,Hunt,,Cleveland Browns,RB,Rush,71,216,08/06/1995,Toledo,,,,841,304,5,
Jason Huntley,Jason,Huntley,,Philadelphia Eagles,RB,Rush,,,,,,,,,,,
Carlos Hyde,Carlos,Hyde,,Seattle Seahawks,RB,Rush,72,229,09/20/1990,Ohio State,,,,356,93,0,
Mark Ingram,Mark,Ingram,,Baltimore Ravens,RB,Rush,69,215,12/21/1989,Alabama,,,,299,50,0,
Justin Jackson,Justin,Jackson,,Los Angeles Chargers,RB,Rush,72,200,04/22/1996,Northwestern,,,,270,173,0,
Josh Jacobs,Josh,Jacobs,,Las Vegas Raiders,RB,Rush,70,220,02/11/1998,Alabama,,,,1065,238,0,
Kerryon Johnson,Kerryon,Johnson,,Detroit Lions,RB,Rush,71,212,06/30/1997,Auburn,,,,181,187,1,
D'Ernest Johnson,D'Ernest,Johnson,,Cleveland Browns,RB,Rush,70,208,02/27/1996,South Florida,,,,166,14,0,
David Johnson,David,Johnson,,Houston Texans,RB,Rush,73,224,12/16/1991,Northern Iowa,,,,691,314,2,
Ty Johnson,Ty,Johnson,,New York Jets,RB,Rush,70,210,09/17/1997,Maryland,,,,254,99,1,
Duke Johnson,Duke,Johnson,,Houston Texans,RB,Rush,69,210,09/23/1993,Miami,,,,235,249,1,
Xavier Jones,Xavier,Jones,,Los Angeles Rams,RB,Rush,,,,,,,,,,,
Taiwan Jones,Taiwan,Jones,,Buffalo Bills,RB,Rush,72,195,07/26/1988,Eastern Washington,,,,,,,
Ronald Jones,Ronald,Jones,,Tampa Bay Buccaneers,RB,Rush,71,208,08/03/1997,Southern California,,,,978,165,1,
Anthony Jones,Anthony,Jones,,Seattle Seahawks,RB,Rush,,,,,,,,,,,
Aaron Jones,Aaron,Jones,,Green Bay Packers,RB,Rush,69,208,12/02/1994,Texas-El Paso,,,,1104,355,2,
Alvin Kamara,Alvin,Kamara,,New Orleans Saints,RB,Rush,70,215,07/25/1995,Tennessee,,,,932,756,5,
Joshua Kelley,Joshua,Kelley,,Los Angeles Chargers,RB,Rush,,,,,,,,354,148,0,
Patrick Laird,Patrick,Laird,,Miami Dolphins,RB,Rush,72,205,08/17/1995,California,,,,,68,0,
Dion Lewis,Dion,Lewis,,New York Giants,RB,Rush,68,195,09/27/1990,Pittsburgh,,,,115,127,1,
Alexander Mattison,Alexander,Mattison,,Minnesota Vikings,RB,Rush,71,220,06/19/1998,Boise State,,,,434,125,1,
Devante Mays,Devante,Mays,,Jacksonville Jaguars,RB,Rush,70,230,05/26/1994,Utah State,,,,,,,
Christian McCaffrey,Christian,McCaffrey,,Carolina Panthers,RB,Rush,71,205,06/07/1996,Stanford,,,,225,149,1,
LeSean McCoy,LeSean,McCoy,,Tampa Bay Buccaneers,RB,Rush,71,210,07/12/1988,Pittsburgh,,,,,101,0,
Anthony McFarland,Anthony,McFarland,,Pittsburgh Steelers,RB,Rush,,,,,,,,113,54,0,
Taj McGowan,Taj,McGowan,,Jacksonville Jaguars,RB,Rush,,,,,,,,,,,
Jerick McKinnon,Jerick,McKinnon,,San Francisco 49ers,RB,Rush,69,205,05/03/1992,Georgia Southern,,,,319,253,1,
J.D. McKissic,J.D.,McKissic,,Washington Football Team,RB,Rush,70,195,08/15/1993,Arkansas State,,,,365,589,2,
Jeremy McNichols,Jeremy,McNichols,,Tennessee Titans,RB,Rush,69,205,12/26/1995,Boise State,,,,204,55,0,
Sony Michel,Sony,Michel,,New England Patriots,RB,Rush,71,215,02/17/1995,Georgia,,,,449,114,1,
Lamar Miller,Lamar,Miller,,Washington Football Team,RB,Rush,70,221,04/25/1991,Miami (Fla.),,,,,12,0,
Ty Montgomery,Ty,Montgomery,,New Orleans Saints,RB,Rush,72,216,01/22/1993,Stanford,,,,101,27,0,
David Montgomery,David,Montgomery,,Chicago Bears,RB,Rush,70,222,06/07/1997,Iowa State,,,,1070,438,2,
Alfred Morris,Alfred,Morris,,New York Giants,RB,Rush,70,222,12/12/1988,Florida Atlantic,,,,238,19,1,
Zack Moss,Zack,Moss,,Buffalo Bills,RB,Rush,,,,,,,,481,95,1,
Latavius Murray,Latavius,Murray,,New Orleans Saints,RB,Rush,75,230,01/18/1990,Central Florida,,,,656,176,1,
Ryan Nall,Ryan,Nall,,Chicago Bears,RB,Rush,,,,,,,,,67,1,
Spencer Nigh,Spencer,Nigh,,Pittsburgh Steelers,RB,Rush,,,,,,,,,,,
Dare Ogunbowale,Dare,Ogunbowale,,Jacksonville Jaguars,RB,Rush,71,205,05/04/1994,Wisconsin,,,,145,54,0,
Qadree Ollison,Qadree,Ollison,,Atlanta Falcons,RB,Rush,73,232,09/08/1996,Pittsburgh,,,,,,,
Sewo Olonilua,Sewo,Olonilua,,Dallas Cowboys,RB,Rush,,,,,,,,,,,
Devine Ozigbo,Devine,Ozigbo,,Jacksonville Jaguars,RB,Rush,,,,,,,,,42,0,
Rashaad Penny,Rashaad,Penny,,Seattle Seahawks,RB,Rush,71,220,02/02/1996,San Diego State,,,,,,,
Samaje Perine,Samaje,Perine,,Cincinnati Bengals,RB,Rush,71,240,09/16/1995,Oklahoma,,,,301,66,0,
Senorise Perry,Senorise,Perry,,Tennessee Titans,RB,Rush,72,210,09/19/1991,Louisville,,,,,,,
Malcolm Perry,Malcolm,Perry,,Miami Dolphins,RB,Rush,,,,,,,,,92,1,
Adrian Peterson,Adrian,Peterson,,Detroit Lions,RB,Rush,73,220,03/21/1985,Oklahoma,,,,604,101,0,
Scottie Phillips,Scottie,Phillips,,Houston Texans,RB,Rush,,,,,,,,,,,
Artavis Pierce,Artavis,Pierce,,Chicago Bears,RB,Rush,,,,,,,,,,,
Tony Pollard,Tony,Pollard,,Dallas Cowboys,RB,Rush,72,209,04/30/1997,Memphis,,,,435,192,1,
Bronson Rechsteiner,Bronson,Rechsteiner,,Baltimore Ravens,RB,Rush,,,,,,,,,,,
Theo Riddick,Theo,Riddick,,Las Vegas Raiders,RB,Rush,69,201,05/04/1991,Notre Dame,,,,,43,0,
James Robinson,James,Robinson,,Jacksonville Jaguars,RB,Rush,,,,,,,,1070,344,3,
Jaylen Samuels,Jaylen,Samuels,,Pittsburgh Steelers,RB,Rush,72,225,07/20/1996,North Carolina State,,,,,46,0,
Miles Sanders,Miles,Sanders,,Philadelphia Eagles,RB,Rush,71,211,05/01/1997,Penn State,,,,867,197,0,
Boston Scott,Boston,Scott,,Philadelphia Eagles,RB,Rush,66,203,04/27/1995,Louisiana Tech,,,,374,212,1,
Devin Singletary,Devin,Singletary,,Buffalo Bills,RB,Rush,67,203,09/03/1997,Florida Atlantic,,,,687,269,0,
Connor Slomka,Connor,Slomka,,Jacksonville Jaguars,RB,Rush,,,,,,,,,,,
Rodney Smith,Rodney,Smith,,Carolina Panthers,RB,Rush,,,,,,,,156,59,0,
Ito Smith,Ito,Smith,,Atlanta Falcons,RB,Rush,69,195,09/11/1995,Southern Mississippi,,,,268,75,0,
Benny Snell,Benny,Snell,,Pittsburgh Steelers,RB,Rush,70,223,02/27/1998,Kentucky,,,,368,61,0,
William Stanback,William,Stanback,,Las Vegas Raiders,RB,Rush,,,,,,,,,,,
D'Andre Swift,D'Andre,Swift,,Detroit Lions,RB,Rush,,,,,,,,521,357,2,
Jonathan Taylor,Jonathan,Taylor,,Indianapolis Colts,RB,Rush,70,226,01/19/1999,Wisconsin,,,,1169,299,1,
J.J. Taylor,J.J.,Taylor,,New England Patriots,RB,Rush,,,,,,,,110,,,
Mark Thompson,Mark,Thompson,,Las Vegas Raiders,RB,Rush,,,,,,,,,,,
Darwin Thompson,Darwin,Thompson,,Kansas City Chiefs,RB,Rush,68,200,02/12/1997,Utah State,,,,,65,1,
De'Lance Turner,De'Lance,Turner,,Miami Dolphins,RB,Rush,71,214,08/23/1995,Alcorn State,,,,,,,
Ke'Shawn Vaughn,Ke'Shawn,Vaughn,,Tampa Bay Buccaneers,RB,Rush,,,,,,,,109,34,1,
Austin Walter,Austin,Walter,,San Francisco 49ers,RB,Rush,,,,,,,,,,,
Jonathan Ward,Jonathan,Ward,,Arizona Cardinals,RB,Rush,,,,,,,,,,,
Dwayne Washington,Dwayne,Washington,,New Orleans Saints,RB,Rush,73,223,04/24/1994,Washington,,,,,,,
DeAndre Washington,DeAndre,Washington,,Miami Dolphins,RB,Rush,68,210,02/22/1993,Texas Tech,,,,,30,0,
Ralph Webb,Ralph,Webb,,Pittsburgh Steelers,RB,Rush,,,,,,,,,,,
Elijah Wellman,Elijah,Wellman,,Green Bay Packers,RB,Rush,,,,,,,,,,,
Devwah Whaley,Devwah,Whaley,,Cincinnati Bengals,RB,Rush,,,,,,,,,,,
James White,James,White,,New England Patriots,RB,Rush,70,205,02/03/1992,Wisconsin,,,,121,375,1,
Jamaal Williams,Jamaal,Williams,,Green Bay Packers,RB,Rush,72,213,04/03/1995,Brigham Young,,,,505,236,1,
Darrel Williams,Darrel,Williams,,Kansas City Chiefs,RB,Rush,71,224,04/15/1995,LSU,,,,169,116,0,
Trayveon Williams,Trayveon,Williams,,Cincinnati Bengals,RB,Rush,,,,,,,,157,30,0,
Shaun Wilson,Shaun,Wilson,,Tennessee Titans,RB,Rush,69,185,12/02/1995,Duke,,,,,,,
Jeff Wilson,Jeff,Wilson,,San Francisco 49ers,RB,Rush,72,194,11/16/1995,North Texas,,,,600,133,3,
T.J. Yeldon,T.J.,Yeldon,,Buffalo Bills,RB,Rush,73,223,10/02/1993,Alabama,,,,,,,
Jordan Akins,Jordan,Akins,,Houston Texans,TE,Receive,76,243,04/19/1992,Central Florida,,,,,403,1,
Mo Alie-Cox,Mo,Alie-Cox,,Indianapolis Colts,TE,Receive,77,267,09/19/1993,Virginia Commonwealth,,,,,394,2,
Stephen Anderson,Stephen,Anderson,,Los Angeles Chargers,TE,Receive,75,230,01/30/1993,California,,,,,106,0,
Mark Andrews,Mark,Andrews,,Baltimore Ravens,TE,Receive,76,255,09/06/1995,Oklahoma,,,,,701,7,
Dan Arnold,Dan,Arnold,,Arizona Cardinals,TE,Receive,78,220,03/15/1995,Wisconsin-Platteville,,,,,438,4,
Devin Asiasi,Devin,Asiasi,,New England Patriots,TE,Receive,,,,,,,,,39,1,
Antony Auclair,Antony,Auclair,,Tampa Bay Buccaneers,TE,Receive,78,256,05/28/1993,Laval (Canada),,,,,,,
Marcus Baugh,Marcus,Baugh,,Washington Football Team,TE,Receive,,,,,,,,,,,
Andrew Beck,Andrew,Beck,,Denver Broncos,TE,Receive,75,255,05/15/1996,Texas,,,,,,,
Blake Bell,Blake,Bell,,Dallas Cowboys,TE,Receive,78,252,08/07/1991,Oklahoma,,,,,110,0,
Moritz Boehringer,Moritz,Boehringer,,Cincinnati Bengals,TE,Receive,,,,,,,,,,,
Cameron Brate,Cameron,Brate,,Tampa Bay Buccaneers,TE,Receive,77,245,07/03/1991,Harvard,,,,,282,2,
Pharaoh Brown,Pharaoh,Brown,,Houston Texans,TE,Receive,78,258,05/04/1994,Oregon,,,,,163,2,
Daniel Brown,Daniel,Brown,,New York Jets,TE,Receive,77,247,05/26/1992,James Madison,,,,,31,0,
Billy Brown,Billy,Brown,,Indianapolis Colts,TE,Receive,,,,,,,,,,,
Hunter Bryant,Hunter,Bryant,,Detroit Lions,TE,Receive,,,,,,,,,,,
Harrison Bryant,Harrison,Bryant,,Cleveland Browns,TE,Receive,,,,,,,,,238,3,
Trey Burton,Trey,Burton,,Indianapolis Colts,TE,Receive,74,238,10/29/1991,Florida,,,,,250,3,
Jake Butt,Jake,Butt,,Denver Broncos,TE,Receive,78,250,07/11/1995,Michigan,,,,,5,0,
Stephen Carlson,Stephen,Carlson,,Cleveland Browns,TE,Receive,76,240,12/12/1996,Princeton,,,,,,,
Derek Carrier,Derek,Carrier,,Las Vegas Raiders,TE,Receive,75,240,07/25/1990,Beloit,,,,,,,
Cethan Carter,Cethan,Carter,,Cincinnati Bengals,TE,Receive,75,248,09/05/1995,Nebraska,,,,,53,0,
Tyler Conklin,Tyler,Conklin,,Minnesota Vikings,TE,Receive,75,254,07/30/1995,Central Michigan,,,,,194,1,
C.J. Conrad,C.J.,Conrad,,New York Giants,TE,Receive,,,,,,,,,,,
Jared Cook,Jared,Cook,,New Orleans Saints,TE,Receive,77,254,04/07/1987,South Carolina,,,,,504,7,
Jason Croom,Jason,Croom,,Philadelphia Eagles,TE,Receive,77,246,02/28/1994,Tennessee,,,,,,,
Dominique Dafney,Dominique,Dafney,,Green Bay Packers,TE,Receive,,,,,,,,,26,1,
Darrell Daniels,Darrell,Daniels,,Arizona Cardinals,TE,Receive,75,256,11/22/1994,Washington,,,,,92,1,
Tyler Davis,Tyler,Davis,,Jacksonville Jaguars,TE,Receive,,,,,,,,,,,
Seth DeValve,Seth,DeValve,,Arizona Cardinals,TE,Receive,75,245,01/29/1993,Princeton,,,,,,,
Will Dissly,Will,Dissly,,Seattle Seahawks,TE,Receive,76,265,07/08/1996,Washington,,,,,251,2,
Jack Doyle,Jack,Doyle,,Indianapolis Colts,TE,Receive,78,262,05/05/1990,Western Kentucky,,,,,251,3,
Ross Dwelley,Ross,Dwelley,,San Francisco 49ers,TE,Receive,77,240,01/26/1995,San Diego,,,,,245,1,
Eric Ebron,Eric,Ebron,,Pittsburgh Steelers,TE,Receive,76,253,04/10/1993,North Carolina,,,,,558,5,
Tyler Eifert,Tyler,Eifert,,Jacksonville Jaguars,TE,Receive,78,255,09/08/1990,Notre Dame,,,,,349,2,
Alex Ellis,Alex,Ellis,,New England Patriots,TE,Receive,76,245,02/10/1993,Tennessee,,,,,,,
Rhett Ellison,Rhett,Ellison,,New York Giants,TE,Receive,77,255,10/03/1988,USC,,,,,,,
Evan Engram,Evan,Engram,,New York Giants,TE,Receive,75,240,09/02/1994,Mississippi,,,,,654,1,
Zach Ertz,Zach,Ertz,,Philadelphia Eagles,TE,Receive,77,250,11/10/1990,Stanford,,,,,335,1,
Gerald Everett,Gerald,Everett,,Los Angeles Rams,TE,Receive,75,240,06/25/1994,South Alabama,,,,,417,1,
Noah Fant,Noah,Fant,,Denver Broncos,TE,Receive,76,249,11/20/1997,Iowa,,,,,673,3,
Darren Fells,Darren,Fells,,Houston Texans,TE,Receive,79,270,04/22/1986,California-Irvine,,,,,312,4,
Anthony Firkser,Anthony,Firkser,,Tennessee Titans,TE,Receive,74,246,02/19/1995,Harvard,,,,,387,1,
Troy Fumagalli,Troy,Fumagalli,,Denver Broncos,TE,Receive,78,248,02/17/1995,Wisconsin,,,,,80,1,
Mike Gesicki,Mike,Gesicki,,Miami Dolphins,TE,Receive,78,252,10/03/1995,Penn State,,,,,703,6,
Reggie Gilliam,Reggie,Gilliam,,Buffalo Bills,TE,Receive,,,,,,,,,16,1,
Dallas Goedert,Dallas,Goedert,,Philadelphia Eagles,TE,Receive,77,256,01/03/1995,South Dakota State,,,,,524,3,
Jimmy Graham,Jimmy,Graham,,Chicago Bears,TE,Receive,79,265,11/24/1986,Miami,,,,,456,8,
Jaeden Graham,Jaeden,Graham,,Atlanta Falcons,TE,Receive,76,250,10/10/1995,Yale,,,,,25,0,
Ryan Griffin,Ryan,Griffin,,New York Jets,TE,Receive,78,255,01/11/1990,Connecticut,,,,,86,0,
Rob Gronkowski,Rob,Gronkowski,,Tampa Bay Buccaneers,TE,Receive,78,265,05/14/1989,Arizona,,,,,623,7,
Demetrius Harris,Demetrius,Harris,,Chicago Bears,TE,Receive,79,230,07/29/1991,Wisconsin-Milwaukee,,,,,45,0,
Hale Hentges,Hale,Hentges,,Minnesota Vikings,TE,Receive,76,245,08/19/1996,Alabama,,,,,,,
Cole Herdman,Cole,Herdman,,Tennessee Titans,TE,Receive,,,,,,,,,,,
Chris Herndon,Chris,Herndon,,New York Jets,TE,Receive,76,253,02/23/1996,Miami (Fla.),,,,,287,3,
Tyler Higbee,Tyler,Higbee,,Los Angeles Rams,TE,Receive,78,257,01/01/1993,Western Kentucky,,,,,521,5,
Josh Hill,Josh,Hill,,New Orleans Saints,TE,Receive,77,250,05/21/1990,Idaho State,,,,,46,1,
T.J. Hockenson,T.J.,Hockenson,,Detroit Lions,TE,Receive,77,247,07/03/1997,Iowa,,,,,723,6,
Jacob Hollister,Jacob,Hollister,,Seattle Seahawks,TE,Receive,76,245,11/18/1993,Wyoming,,,,,209,3,
J.P. Holtz,J.P.,Holtz,,Chicago Bears,TE,Receive,75,240,08/28/1993,Pittsburgh,,,,,,,
Austin Hooper,Austin,Hooper,,Cleveland Browns,TE,Receive,76,254,10/29/1994,Stanford,,,,,435,4,
Brycen Hopkins,Brycen,Hopkins,,Los Angeles Rams,TE,Receive,,,,,,,,,,,
Parker Houston,Parker,Houston,,Arizona Cardinals,TE,Receive,,,,,,,,,,,
Tanner Hudson,Tanner,Hudson,,Tampa Bay Buccaneers,TE,Receive,77,239,11/12/1994,Southern Arkansas,,,,,41,0,
Hayden Hurst,Hayden,Hurst,,Atlanta Falcons,TE,Receive,76,245,08/24/1993,South Carolina,,,,,571,6,
Jesse James,Jesse,James,,Detroit Lions,TE,Receive,79,250,06/04/1994,Penn State,,,,,129,2,
Dalton Keene,Dalton,Keene,,New England Patriots,TE,Receive,,,,,,,,,16,0,
Nick Keizer,Nick,Keizer,,Kansas City Chiefs,TE,Receive,,,,,,,,,63,0,
Travis Kelce,Travis,Kelce,,Kansas City Chiefs,TE,Receive,77,260,10/05/1989,Cincinnati,,,,,1416,11,
George Kittle,George,Kittle,,San Francisco 49ers,TE,Receive,76,250,10/09/1993,Iowa,,,,,634,2,
Cole Kmet,Cole,Kmet,,Chicago Bears,TE,Receive,,,,,,,,,243,2,
Dawson Knox,Dawson,Knox,,Buffalo Bills,TE,Receive,76,254,11/14/1996,Mississippi,,,,,288,3,
Tyler Kroft,Tyler,Kroft,,Buffalo Bills,TE,Receive,78,250,10/15/1992,Rutgers,,,,,119,3,
Marcedes Lewis,Marcedes,Lewis,,Green Bay Packers,TE,Receive,78,267,05/19/1984,UCLA,,,,,107,3,
James Looney,James,Looney,,Green Bay Packers,TE,Receive,75,287,05/15/1995,California,,,,,,,
Alize Mack,Alize,Mack,,Kansas City Chiefs,TE,Receive,,,,,,,,,,,
Chris Manhertz,Chris,Manhertz,,Carolina Panthers,TE,Receive,78,255,04/10/1992,Canisius,,,,,52,0,
Vance McDonald,Vance,McDonald,,Pittsburgh Steelers,TE,Receive,76,267,06/13/1990,Rice,,,,,99,0,
Sean McKeon,Sean,McKeon,,Dallas Cowboys,TE,Receive,,,,,,,,,,,
Carson Meier,Carson,Meier,,Atlanta Falcons,TE,Receive,,,,,,,,,,,
Foster Moreau,Foster,Moreau,,Las Vegas Raiders,TE,Receive,76,250,05/06/1997,LSU,,,,,140,2,
Johnny Mundt,Johnny,Mundt,,Los Angeles Rams,TE,Receive,76,232,11/23/1994,Oregon,,,,,52,0,
David Njoku,David,Njoku,,Cleveland Browns,TE,Receive,76,246,07/10/1996,Miami,,,,,213,2,
Greg Olsen,Greg,Olsen,,Seattle Seahawks,TE,Receive,77,255,03/11/1985,Miami,,,,,239,1,
James O'Shaughnessy,James,O'Shaughnessy,,Jacksonville Jaguars,TE,Receive,76,245,01/14/1992,Illinois State,,,,,262,0,
Donald Parham,Donald,Parham,,Los Angeles Chargers,TE,Receive,,,,,,,,,159,3,
Colby Parkinson,Colby,Parkinson,,Seattle Seahawks,TE,Receive,,,,,,,,,16,0,
MyCole Pruitt,MyCole,Pruitt,,Tennessee Titans,TE,Receive,74,243,03/24/1992,Southern Illinois,,,,,49,2,
Kevin Rader,Kevin,Rader,,Pittsburgh Steelers,TE,Receive,,,,,,,,,,,
Jordan Reed,Jordan,Reed,,San Francisco 49ers,TE,Receive,74,242,07/03/1990,Florida,,,,,231,4,
Caleb Repp,Caleb,Repp,,Atlanta Falcons,TE,Receive,,,,,,,,,,,
Jared Rice,Jared,Rice,,Los Angeles Chargers,TE,Receive,,,,,,,,,,,
Michael Roberts,Michael,Roberts,,Miami Dolphins,TE,Receive,77,265,05/07/1994,Toledo,,,,,,,
Richard Rodgers,Richard,Rodgers,,Philadelphia Eagles,TE,Receive,76,257,01/22/1992,California,,,,,345,2,
Drew Sample,Drew,Sample,,Cincinnati Bengals,TE,Receive,77,258,04/16/1996,Washington,,,,,349,1,
Eric Saubert,Eric,Saubert,,Jacksonville Jaguars,TE,Receive,77,253,05/01/1994,Drake,,,,,16,0,
Mason Schreck,Mason,Schreck,,Cincinnati Bengals,TE,Receive,77,252,11/04/1993,Buffalo,,,,,,,
Dalton Schultz,Dalton,Schultz,,Dallas Cowboys,TE,Receive,77,242,07/11/1996,Stanford,,,,,615,4,
Christian Scotland-Williamson,Christian,Scotland-Williamson,,Pittsburgh Steelers,TE,Receive,,,,,,,,,,,
Isaiah Searight,Isaiah,Searight,,New York Giants,TE,Receive,,,,,,,,,,,
Adam Shaheen,Adam,Shaheen,,Miami Dolphins,TE,Receive,78,257,10/24/1994,Ashland,,,,,150,3,
Lee Smith,Lee,Smith,,Buffalo Bills,TE,Receive,78,265,11/21/1987,Marshall,,,,,35,2,
Jonnu Smith,Jonnu,Smith,,Tennessee Titans,TE,Receive,75,248,08/22/1995,Florida International,,,,,448,8,
Irv Smith,Irv,Smith,,Minnesota Vikings,TE,Receive,74,240,08/09/1998,Alabama,,,,,365,5,
Kaden Smith,Kaden,Smith,,New York Giants,TE,Receive,77,252,04/24/1997,Stanford,,,,,112,0,
Durham Smythe,Durham,Smythe,,Miami Dolphins,TE,Receive,78,260,08/09/1995,Notre Dame,,,,,208,2,
Matt Sokol,Matt,Sokol,,Los Angeles Chargers,TE,Receive,,,,,,,,,,,
Jeremy Sprinkle,Jeremy,Sprinkle,,Washington Football Team,TE,Receive,77,255,08/10/1994,Arkansas,,,,,,,
Jace Sternberger,Jace,Sternberger,,Green Bay Packers,TE,Receive,76,250,06/26/1996,Texas A&M,,,,,114,1,
Luke Stocker,Luke,Stocker,,Atlanta Falcons,TE,Receive,77,253,07/17/1988,Tennessee,,,,,63,0,
Cam Sutton,Cam,Sutton,,Carolina Panthers,TE,Receive,,,,,,,,,,,
Geoff Swaim,Geoff,Swaim,,Tennessee Titans,TE,Receive,76,260,09/16/1993,Texas,,,,,83,1,
Logan Thomas,Logan,Thomas,,Washington Football Team,TE,Receive,78,250,07/01/1991,Virginia Tech,,,,,670,6,
Ian Thomas,Ian,Thomas,,Carolina Panthers,TE,Receive,76,260,06/06/1996,Indiana,,,,,145,1,
Colin Thompson,Colin,Thompson,,Carolina Panthers,TE,Receive,,,,,,,,,,,
Noah Togiai,Noah,Togiai,,Indianapolis Colts,TE,Receive,,,,,,,,,,,
Levine Toilolo,Levine,Toilolo,,New York Giants,TE,Receive,80,268,07/30/1991,Stanford,,,,,46,0,
Eric Tomlinson,Eric,Tomlinson,,Baltimore Ravens,TE,Receive,78,263,04/22/1992,Texas-El Paso,,,,,,,
Robert Tonyan,Robert,Tonyan,,Green Bay Packers,TE,Receive,77,237,04/30/1994,Indiana State,,,,,586,11,
Adam Trautman,Adam,Trautman,,New Orleans Saints,TE,Receive,,,,,,,,,171,1,
Ross Travis,Ross,Travis,,New York Jets,TE,Receive,78,248,01/09/1993,Penn State,,,,,,,
Nick Vannett,Nick,Vannett,,Denver Broncos,TE,Receive,78,261,03/06/1993,Ohio State,,,,,95,1,
Darren Waller,Darren,Waller,,Las Vegas Raiders,TE,Receive,78,255,09/13/1992,Georgia Tech,,,,,1196,9,
Kahale Warring,Kahale,Warring,,Houston Texans,TE,Receive,,,,,,,,,35,0,
Trevon Wesco,Trevon,Wesco,,New York Jets,TE,Receive,75,267,09/12/1995,West Virginia,,,,,,,
Mitchell Wilcox,Mitchell,Wilcox,,Cincinnati Bengals,TE,Receive,,,,,,,,,,,
Maxx Williams,Maxx,Williams,,Arizona Cardinals,TE,Receive,76,252,04/12/1994,Minnesota,,,,,102,1,
Luke Willson,Luke,Willson,,Seattle Seahawks,TE,Receive,77,254,01/15/1990,Rice,,,,,24,0,
Caleb Wilson,Caleb,Wilson,,Philadelphia Eagles,TE,Receive,,,,,,,,,,,
Jason Witten,Jason,Witten,,Las Vegas Raiders,TE,Receive,78,263,05/06/1982,Tennessee,,,,,69,2,
Charlie Woerner,Charlie,Woerner,,San Francisco 49ers,TE,Receive,,,,,,,,,36,0,
Dom Wood-Anderson,Dom,Wood-Anderson,,Seattle Seahawks,TE,Receive,,,,,,,,,,,
Deon Yelder,Deon,Yelder,,Kansas City Chiefs,TE,Receive,76,255,03/06/1995,Western Kentucky,,,,,36,0,
Davante Adams,Davante,Adams,,Green Bay Packers,WR,Receive,73,215,12/24/1992,Fresno State,,,,,1374,18,
Bralon Addison,Bralon,Addison,,Minnesota Vikings,WR,Receive,,,,,,,,,,,
Nelson Agholor,Nelson,Agholor,,Las Vegas Raiders,WR,Receive,72,198,05/24/1993,Southern California,,,,,896,8,
Jamal Agnew,Jamal,Agnew,,Detroit Lions,WR,Receive,70,190,04/03/1995,San Diego,,,,,89,0,
Brandon Aiyuk,Brandon,Aiyuk,,San Francisco 49ers,WR,Receive,,,,,,,,,748,5,
Danny Amendola,Danny,Amendola,,Detroit Lions,WR,Receive,71,185,11/02/1985,Texas Tech,,,,,602,0,
Robby Anderson,Robby,Anderson,,Carolina Panthers,WR,Receive,75,190,05/09/1993,Temple,,,,,1096,3,
J.J. Arcega-Whiteside,J.J.,Arcega-Whiteside,,Philadelphia Eagles,WR,Receive,74,225,12/31/1996,Stanford,,,,,85,0,
Tavon Austin,Tavon,Austin,,Green Bay Packers,WR,Receive,68,179,03/15/1990,West Virginia,,,,,20,0,
Cameron Batson,Cameron,Batson,,Tennessee Titans,WR,Receive,68,175,12/20/1995,Texas Tech,,,,,100,1,
Cole Beasley,Cole,Beasley,,Buffalo Bills,WR,Receive,68,174,04/26/1989,Southern Methodist,,,,,967,4,
Chad Beebe,Chad,Beebe,,Minnesota Vikings,WR,Receive,70,183,06/01/1994,Northern Illinois,,,,,201,2,
Braxton Berrios,Braxton,Berrios,,New York Jets,WR,Receive,69,190,10/06/1995,Miami,,,,,394,3,
Christian Blake,Christian,Blake,,Atlanta Falcons,WR,Receive,73,181,06/08/1996,Northern Illinois,,,,,141,0,
C.J. Board,C.J.,Board,,New York Giants,WR,Receive,73,180,12/12/1993,Chattanooga,,,,,101,0,
Kendrick Bourne,Kendrick,Bourne,,San Francisco 49ers,WR,Receive,73,203,08/04/1995,Eastern Washington,,,,,667,2,
Lynn Bowden,Lynn,Bowden,,Miami Dolphins,WR,Receive,,,,,,,,,211,0,
Tyler Boyd,Tyler,Boyd,,Cincinnati Bengals,WR,Receive,74,203,11/15/1994,Pittsburgh,,,,,841,4,
Miles Boykin,Miles,Boykin,,Baltimore Ravens,WR,Receive,76,220,10/12/1996,Notre Dame,,,,,266,4,
Ja'Marcus Bradley,Ja'Marcus,Bradley,,Cleveland Browns,WR,Receive,,,,,,,,,60,0,
Jermiah Braswell,Jermiah,Braswell,,Arizona Cardinals,WR,Receive,,,,,,,,,,,
Noah Brown,Noah,Brown,,Dallas Cowboys,WR,Receive,74,222,01/06/1996,Ohio State,,,,,154,0,
John Brown,John,Brown,,Buffalo Bills,WR,Receive,71,179,04/03/1990,Pittsburg State,,,,,458,3,
A.J. Brown,A.J.,Brown,,Tennessee Titans,WR,Receive,73,226,06/30/1997,Mississippi,,,,,1075,11,
Marquise Brown,Marquise,Brown,,Baltimore Ravens,WR,Receive,69,170,06/04/1997,Oklahoma,,,,,769,8,
Antonio Brown,Antonio,Brown,,Tampa Bay Buccaneers,WR,Receive,70,185,07/10/1988,Central Michigan,,,,,483,4,
Dez Bryant,Dez,Bryant,,Baltimore Ravens,WR,Receive,74,220,11/04/1988,Oklahoma State,,,,,47,2,
Damiere Byrd,Damiere,Byrd,,New England Patriots,WR,Receive,69,180,01/27/1993,South Carolina,,,,,604,1,
Lawrence Cager,Lawrence,Cager,,New York Jets,WR,Receive,,,,,,,,,35,0,
Marquez Callaway,Marquez,Callaway,,New Orleans Saints,WR,Receive,,,,,,,,,213,0,
Austin Carr,Austin,Carr,,New Orleans Saints,WR,Receive,73,195,12/25/1993,Northwestern,,,,,27,1,
DeAndre Carter,DeAndre,Carter,,Chicago Bears,WR,Receive,68,190,04/10/1993,Sacramento State,,,,,,,
Quintez Cephus,Quintez,Cephus,,Detroit Lions,WR,Receive,,,,,,,,,349,2,
D.J. Chark,D.J.,Chark,,Jacksonville Jaguars,WR,Receive,76,198,09/23/1996,Louisiana State,,,,,706,5,
Dan Chisena,Dan,Chisena,,Minnesota Vikings,WR,Receive,,,,,,,,,,,
Chase Claypool,Chase,Claypool,,Pittsburgh Steelers,WR,Receive,,,,,,,,,873,9,
Tyrie Cleveland,Tyrie,Cleveland,,Denver Broncos,WR,Receive,,,,,,,,,63,0,
Matt Cole,Matt,Cole,,San Francisco 49ers,WR,Receive,,,,,,,,,,,
Keelan Cole,Keelan,Cole,,Jacksonville Jaguars,WR,Receive,73,194,04/20/1993,Kentucky Wesleyan,,,,,642,5,
Chris Conley,Chris,Conley,,Jacksonville Jaguars,WR,Receive,75,205,10/25/1992,Georgia,,,,,471,2,
Brandin Cooks,Brandin,Cooks,,Houston Texans,WR,Receive,70,183,09/25/1993,Oregon State,,,,,1150,6,
Pharoh Cooper,Pharoh,Cooper,,Carolina Panthers,WR,Receive,71,207,03/07/1995,South Carolina,,,,,73,0,
Amari Cooper,Amari,Cooper,,Dallas Cowboys,WR,Receive,73,211,06/17/1994,Alabama,,,,,1114,5,
Isaiah Coulter,Isaiah,Coulter,,Houston Texans,WR,Receive,,,,,,,,,,,
Keke Coutee,Keke,Coutee,,Houston Texans,WR,Receive,71,180,01/14/1997,Texas Tech,,,,,400,3,
River Cracraft,River,Cracraft,,San Francisco 49ers,WR,Receive,72,198,11/01/1994,Washington State,,,,,41,0,
Jamison Crowder,Jamison,Crowder,,New York Jets,WR,Receive,69,177,06/17/1993,Duke,,,,,699,6,
Jamal Custis,Jamal,Custis,,Pittsburgh Steelers,WR,Receive,,,,,,,,,,,
Felton Davis,Felton,Davis,,Kansas City Chiefs,WR,Receive,,,,,,,,,,,
Geremy Davis,Geremy,Davis,,Detroit Lions,WR,Receive,75,211,01/10/1992,Connecticut,,,,,,,
Gabriel Davis,Gabriel,Davis,,Buffalo Bills,WR,Receive,,,,,,,,,599,7,
Davion Davis,Davion,Davis,,Minnesota Vikings,WR,Receive,71,195,10/23/1996,Sam Houston State,,,,,,,
Corey Davis,Corey,Davis,,Tennessee Titans,WR,Receive,75,209,01/11/1995,Western Michigan,,,,,984,5,
Michael Dereus,Michael,Dereus,,Baltimore Ravens,WR,Receive,,,,,,,,,,,
Gehrig Dieter,Gehrig,Dieter,,Kansas City Chiefs,WR,Receive,75,208,02/24/1993,Alabama,,,,,,,
Stefon Diggs,Stefon,Diggs,,Buffalo Bills,WR,Receive,72,191,11/29/1993,Maryland,,,,,1535,8,
Jonathan Duhart,Jonathan,Duhart,,Detroit Lions,WR,Receive,,,,,,,,,,,
Ashton Dulin,Ashton,Dulin,,Indianapolis Colts,WR,Receive,73,215,05/15/1997,Malone,,,,,53,0,
Devin Duvernay,Devin,Duvernay,,Baltimore Ravens,WR,Receive,,,,,,,,,201,0,
Nick Easley,Nick,Easley,,Buffalo Bills,WR,Receive,,,,,,,,,,,
Bryan Edwards,Bryan,Edwards,,Las Vegas Raiders,WR,Receive,,,,,,,,,193,1,
Alex Erickson,Alex,Erickson,,Cincinnati Bengals,WR,Receive,72,195,11/06/1992,Wisconsin,,,,,139,0,
Amba Etta-Tawo,Amba,Etta-Tawo,,New York Giants,WR,Receive,,,,,,,,,,,
Mike Evans,Mike,Evans,,Tampa Bay Buccaneers,WR,Receive,77,231,08/21/1993,Texas A&M,,,,,1006,13,
Larry Fitzgerald,Larry,Fitzgerald,,Arizona Cardinals,WR,Receive,75,218,08/31/1983,Pittsburgh,,,,,409,1,
Isaiah Ford,Isaiah,Ford,,Miami Dolphins,WR,Receive,74,195,02/09/1996,Virginia Tech,,,,,276,0,
Robert Foster,Robert,Foster,,Washington Football Team,WR,Receive,74,194,05/07/1994,Alabama,,,,,37,0,
Travis Fulgham,Travis,Fulgham,,Philadelphia Eagles,WR,Receive,,,,,,,,,539,4,
Russell Gage,Russell,Gage,,Atlanta Falcons,WR,Receive,72,184,01/22/1996,Louisiana State,,,,,786,4,
Michael Gallup,Michael,Gallup,,Dallas Cowboys,WR,Receive,73,200,03/04/1996,Colorado State,,,,,843,5,
Antonio Gandy-Golden,Antonio,Gandy-Golden,,Washington Football Team,WR,Receive,,,,,,,,,,,
Terry Godwin,Terry,Godwin,,Jacksonville Jaguars,WR,Receive,,,,,,,,,32,0,
Chris Godwin,Chris,Godwin,,Tampa Bay Buccaneers,WR,Receive,73,209,02/27/1996,Penn State,,,,,840,7,
Kenny Golladay,Kenny,Golladay,,Detroit Lions,WR,Receive,76,213,11/03/1993,Northern Illinois,,,,,338,2,
Jakeem Grant,Jakeem,Grant,,Miami Dolphins,WR,Receive,67,171,10/30/1992,Texas Tech,,,,,373,1,
A.J. Green,A.J.,Green,,Cincinnati Bengals,WR,Receive,76,210,07/31/1988,Georgia,,,,,523,2,
Jalen Guyton,Jalen,Guyton,,Los Angeles Chargers,WR,Receive,,,,,,,,,511,3,
Marvin Hall,Marvin,Hall,,Cleveland Browns,WR,Receive,70,190,04/10/1993,Washington,,,,,592,4,
DaeSean Hamilton,DaeSean,Hamilton,,Denver Broncos,WR,Receive,73,206,03/10/1995,Penn State,,,,,293,2,
Chad Hansen,Chad,Hansen,,Houston Texans,WR,Receive,74,202,01/18/1995,California,,,,,236,1,
Mecole Hardman,Mecole,Hardman,,Kansas City Chiefs,WR,Receive,70,187,03/12/1998,Georgia,,,,,560,4,
Deonte Harris,Deonte,Harris,,New Orleans Saints,WR,Receive,66,170,12/04/1997,Assumption,,,,,186,1,
De'Michael Harris,De'Michael,Harris,,Indianapolis Colts,WR,Receive,,,,,,,,,79,0,
N'Keal Harry,N'Keal,Harry,,New England Patriots,WR,Receive,76,225,12/17/1997,Arizona State,,,,,309,2,
Keon Hatcher,Keon,Hatcher,,New York Jets,WR,Receive,,,,,,,,,,,
Quadree Henderson,Quadree,Henderson,,Pittsburgh Steelers,WR,Receive,,,,,,,,,,,
Aleva Hifo,Aleva,Hifo,,Kansas City Chiefs,WR,Receive,,,,,,,,,,,
Tee Higgins,Tee,Higgins,,Cincinnati Bengals,WR,Receive,,,,,,,,,908,6,
Rashard Higgins,Rashard,Higgins,,Cleveland Browns,WR,Receive,73,198,10/07/1994,Colorado State,,,,,599,4,
John Hightower,John,Hightower,,Philadelphia Eagles,WR,Receive,,,,,,,,,167,0,
TreVontae Hights,TreVontae,Hights,,Carolina Panthers,WR,Receive,,,,,,,,,,,
Tyreek Hill,Tyreek,Hill,,Kansas City Chiefs,WR,Receive,70,185,03/01/1994,West Alabama,,,,123,1276,15,
K.J. Hill,K.J.,Hill,,Los Angeles Chargers,WR,Receive,,,,,,,,,73,0,
T.Y. Hilton,T.Y.,Hilton,,Indianapolis Colts,WR,Receive,70,183,11/14/1989,Florida International,,,,,762,5,
Mack Hollins,Mack,Hollins,,Miami Dolphins,WR,Receive,76,221,09/16/1993,North Carolina,,,,,176,1,
Alexander Hollins,Alexander,Hollins,,Cleveland Browns,WR,Receive,,,,,,,,,,,
DeAndre Hopkins,DeAndre,Hopkins,,Arizona Cardinals,WR,Receive,73,212,06/06/1992,Clemson,,,,,1407,6,
Lil'Jordan Humphrey,Lil'Jordan,Humphrey,,New Orleans Saints,WR,Receive,76,225,04/19/1998,Texas,,,,,46,1,
Dontrelle Inman,Dontrelle,Inman,,Washington Football Team,WR,Receive,75,205,01/31/1989,Virginia,,,,,163,2,
Andy Isabella,Andy,Isabella,,Arizona Cardinals,WR,Receive,69,190,11/18/1996,Massachusetts,,,,,224,2,
Steve Ishmael,Steve,Ishmael,,Indianapolis Colts,WR,Receive,,,,,,,,,,,
Trishton Jackson,Trishton,Jackson,,Los Angeles Rams,WR,Receive,,,,,,,,,,,
DeSean Jackson,DeSean,Jackson,,Philadelphia Eagles,WR,Receive,70,175,12/01/1986,California,,,,,236,1,
Richie James,Richie,James,,San Francisco 49ers,WR,Receive,69,185,09/05/1995,Middle Tennessee,,,,,394,1,
Damion Jeanpiere,Damion,Jeanpiere,,Carolina Panthers,WR,Receive,,,,,,,,,,,
Van Jefferson,Van,Jefferson,,Los Angeles Rams,WR,Receive,,,,,,,,,220,1,
Justin Jefferson,Justin,Jefferson,,Minnesota Vikings,WR,Receive,,,,,,,,,1400,7,
Alshon Jeffery,Alshon,Jeffery,,Philadelphia Eagles,WR,Receive,75,218,02/14/1990,South Carolina,,,,,115,1,
Jerry Jeudy,Jerry,Jeudy,,Denver Broncos,WR,Receive,,,,,,,,,856,3,
Tyron Johnson,Tyron,Johnson,,Los Angeles Chargers,WR,Receive,,,,,,,,,398,3,
Tyler Johnson,Tyler,Johnson,,Tampa Bay Buccaneers,WR,Receive,,,,,,,,,169,2,
Juwan Johnson,Juwan,Johnson,,New Orleans Saints,WR,Receive,,,,,,,,,39,0,
Bisi Johnson,Bisi,Johnson,,Minnesota Vikings,WR,Receive,72,203,03/17/1997,Colorado State,,,,,189,0,
KeeSean Johnson,KeeSean,Johnson,,Arizona Cardinals,WR,Receive,73,199,10/09/1996,Fresno State,,,,,173,0,
Diontae Johnson,Diontae,Johnson,,Pittsburgh Steelers,WR,Receive,70,181,07/05/1996,Toledo,,,,,923,7,
Julio Jones,Julio,Jones,,Atlanta Falcons,WR,Receive,75,220,02/08/1989,Alabama,,,,,771,3,
Marvin Jones,Marvin,Jones,,Detroit Lions,WR,Receive,74,198,03/12/1990,California,,,,,978,9,
Zay Jones,Zay,Jones,,Las Vegas Raiders,WR,Receive,74,200,03/30/1995,East Carolina,,,,,154,1,
Cooper Kupp,Cooper,Kupp,,Los Angeles Rams,WR,Receive,74,208,06/15/1993,Eastern Washington,,,,,974,3,
CeeDee Lamb,CeeDee,Lamb,,Dallas Cowboys,WR,Receive,,,,,,,,,935,5,
Jarvis Landry,Jarvis,Landry,,Cleveland Browns,WR,Receive,71,196,11/28/1992,Louisiana State,,,,,840,3,
Allen Lazard,Allen,Lazard,,Green Bay Packers,WR,Receive,77,227,12/11/1995,Iowa State,,,,,451,3,
Shane Leatherbury,Shane,Leatherbury,,Arizona Cardinals,WR,Receive,,,,,,,,,,,
Tyler Lockett,Tyler,Lockett,,Seattle Seahawks,WR,Receive,70,182,09/28/1992,Kansas State,,,,,1054,10,
Ricardo Louis,Ricardo,Louis,,Miami Dolphins,WR,Receive,74,215,03/23/1994,Auburn,,,,,,,
Austin Mack,Austin,Mack,,New York Giants,WR,Receive,,,,,,,,,91,0,
Zimari Manning,Zimari,Manning,,Denver Broncos,WR,Receive,,,,,,,,,,,
Siaosi Mariner,Siaosi,Mariner,,Las Vegas Raiders,WR,Receive,,,,,,,,,,,
Ray-Ray McCloud,Ray-Ray,McCloud,,Pittsburgh Steelers,WR,Receive,69,190,10/15/1996,Clemson,,,,,77,0,
Isaiah McKenzie,Isaiah,McKenzie,,Buffalo Bills,WR,Receive,68,173,04/09/1995,Georgia,,,,,282,5,
Kelvin McKnight,Kelvin,McKnight,,Denver Broncos,WR,Receive,,,,,,,,,,,
Terry McLaurin,Terry,McLaurin,,Washington Football Team,WR,Receive,72,210,09/15/1995,Ohio State,,,,,1118,4,
Rashad Medaris,Rashad,Medaris,,Arizona Cardinals,WR,Receive,,,,,,,,,,,
DK Metcalf,DK,Metcalf,,Seattle Seahawks,WR,Receive,,,,,,,,,1303,10,
Jakobi Meyers,Jakobi,Meyers,,New England Patriots,WR,Receive,74,200,11/09/1996,North Carolina State,,,,,729,0,
Jaydon Mickens,Jaydon,Mickens,,Tampa Bay Buccaneers,WR,Receive,71,170,04/21/1994,Washington,,,,,58,0,
Scott Miller,Scott,Miller,,Tampa Bay Buccaneers,WR,Receive,69,174,07/31/1997,Bowling Green State,,,,,501,3,
Anthony Miller,Anthony,Miller,,Chicago Bears,WR,Receive,71,199,10/09/1994,Memphis,,,,,485,2,
Denzel Mims,Denzel,Mims,,New York Jets,WR,Receive,,,,,,,,,357,0,
Steven Mitchell,Steven,Mitchell,,Houston Texans,WR,Receive,70,186,05/02/1994,Southern California,,,,,60,0,
Sean Modster,Sean,Modster,,Baltimore Ravens,WR,Receive,,,,,,,,,,,
Donte Moncrief,Donte,Moncrief,,New England Patriots,WR,Receive,74,215,08/06/1993,Mississippi,,,,,,,
Darnell Mooney,Darnell,Mooney,,Chicago Bears,WR,Receive,,,,,,,,,631,4,
D.J. Moore,D.J.,Moore,,Carolina Panthers,WR,Receive,,,,,,,,,1193,4,
David Moore,David,Moore,,Seattle Seahawks,WR,Receive,72,215,01/15/1995,East Central,,,,,417,6,
Chris Moore,Chris,Moore,,Baltimore Ravens,WR,Receive,73,200,06/16/1993,Cincinnati,,,,,,,
Stanley Morgan,Stanley,Morgan,,Cincinnati Bengals,WR,Receive,72,205,09/07/1996,Nebraska,,,,,,,
Gunner Olszewski,Gunner,Olszewski,,New England Patriots,WR,Receive,72,190,11/26/1996,Bemidji State,,,,,62,1,
K.J. Osborn,K.J.,Osborn,,Minnesota Vikings,WR,Receive,,,,,,,,,,,
DeVante Parker,DeVante,Parker,,Miami Dolphins,WR,Receive,75,216,01/20/1993,Louisville,,,,,793,4,
Zach Pascal,Zach,Pascal,,Indianapolis Colts,WR,Receive,74,214,12/18/1994,Old Dominion,,,,,629,5,
Dezmon Patmon,Dezmon,Patmon,,Indianapolis Colts,WR,Receive,,,,,,,,,,,
Tim Patrick,Tim,Patrick,,Denver Broncos,WR,Receive,76,212,11/23/1993,Utah,,,,,742,6,
Cordarrelle Patterson,Cordarrelle,Patterson,,Chicago Bears,WR,Receive,74,238,03/17/1991,Tennessee,,,,232,132,0,
Charone Peake,Charone,Peake,,Jacksonville Jaguars,WR,Receive,74,209,10/16/1992,Clemson,,,,,,,
Donovan Peoples-Jones,Donovan,Peoples-Jones,,Cleveland Browns,WR,Receive,,,,,,,,,304,2,
Breshad Perriman,Breshad,Perriman,,New York Jets,WR,Receive,74,215,09/10/1993,Central Florida,,,,,505,3,
Dante Pettis,Dante,Pettis,,New York Giants,WR,Receive,73,195,10/23/1995,Washington,,,,,76,1,
Devin Phelps,Devin,Phelps,,Arizona Cardinals,WR,Receive,,,,,,,,,,,
Michael Pittman,Michael,Pittman,,Indianapolis Colts,WR,Receive,,,,,,,,,503,1,
Brandon Polk,Brandon,Polk,,Los Angeles Rams,WR,Receive,,,,,,,,,,,
Brandon Powell,Brandon,Powell,,Atlanta Falcons,WR,Receive,68,189,09/12/1995,Florida,,,,,69,2,
Byron Pringle,Byron,Pringle,,Kansas City Chiefs,WR,Receive,73,205,11/17/1993,Kansas State,,,,,160,1,
James Proche,James,Proche,,Baltimore Ravens,WR,Receive,,,,,,,,,,,
T.J. Rahming,T.J.,Rahming,,Miami Dolphins,WR,Receive,,,,,,,,,,,
Damion Ratley,Damion,Ratley,,Houston Texans,WR,Receive,74,200,04/16/1995,Texas A&M,,,,,126,0,
Anthony Ratliff-Williams,Anthony,Ratliff-Williams,,Las Vegas Raiders,WR,Receive,,,,,,,,,,,
Kalif Raymond,Kalif,Raymond,,Tennessee Titans,WR,Receive,68,182,08/08/1994,Holy Cross,,,,,187,0,
Jalen Reagor,Jalen,Reagor,,Philadelphia Eagles,WR,Receive,,,,,,,,,396,1,
Joe Reed,Joe,Reed,,Los Angeles Chargers,WR,Receive,,,,,,,,,,,
Hunter Renfrow,Hunter,Renfrow,,Las Vegas Raiders,WR,Receive,70,185,12/21/1995,Clemson,,,,,656,2,
Josh Reynolds,Josh,Reynolds,,Los Angeles Rams,WR,Receive,75,196,02/16/1995,Texas A&M,,,,,618,2,
Riley Ridley,Riley,Ridley,,Chicago Bears,WR,Receive,,,,,,,,,39,0,
Calvin Ridley,Calvin,Ridley,,Atlanta Falcons,WR,Receive,73,190,12/20/1994,Alabama,,,,,1374,9,
Sean Riley,Sean,Riley,,New England Patriots,WR,Receive,,,,,,,,,,,
Andre Roberts,Andre,Roberts,,Buffalo Bills,WR,Receive,71,195,01/09/1988,Citadel,,,,,34,0,
Demarcus Robinson,Demarcus,Robinson,,Kansas City Chiefs,WR,Receive,73,203,09/21/1994,Florida,,,,,466,3,
Allen Robinson,Allen,Robinson,,Chicago Bears,WR,Receive,74,220,08/24/1993,Penn State,,,,,1250,6,
Kendrick Rogers,Kendrick,Rogers,,Dallas Cowboys,WR,Receive,,,,,,,,,,,
Chris Rowland,Chris,Rowland,,Atlanta Falcons,WR,Receive,,,,,,,,,,,
Henry Ruggs III,Henry,Ruggs,III,Las Vegas Raiders,WR,Receive,,,,,,,,,452,2,
Deebo Samuel,Deebo,Samuel,,San Francisco 49ers,WR,Receive,72,214,01/15/1996,South Carolina,,,,,391,1,
Curtis Samuel,Curtis,Samuel,,Carolina Panthers,WR,Receive,71,195,08/11/1996,Ohio State,,,,200,851,3,
Emmanuel Sanders,Emmanuel,Sanders,,New Orleans Saints,WR,Receive,71,180,03/17/1987,Southern Methodist,,,,,726,5,
Mohamed Sanu,Mohamed,Sanu,,Detroit Lions,WR,Receive,74,215,08/22/1989,Rutgers,,,,,187,1,
Laviska Shenault Jr.,Laviska,Shenault,Jr.,Jacksonville Jaguars,WR,Receive,,,,,,,,,600,5,
Sterling Shepard,Sterling,Shepard,,New York Giants,WR,Receive,70,201,02/10/1993,Oklahoma,,,,,656,3,
Trent Sherfield,Trent,Sherfield,,Arizona Cardinals,WR,Receive,73,219,02/26/1996,Vanderbilt,,,,,50,0,
Steven Sims,Steven,Sims,,Washington Football Team,WR,Receive,70,176,03/31/1997,Kansas,,,,,265,1,
Cam Sims,Cam,Sims,,Washington Football Team,WR,Receive,,,,,,,,,477,1,
Matthew Slater,Matthew,Slater,,New England Patriots,WR,Receive,72,205,09/09/1985,UCLA,,,,,,,
Darius Slayton,Darius,Slayton,,New York Giants,WR,Receive,73,190,01/12/1997,Auburn,,,,,751,3,
Vyncint Smith,Vyncint,Smith,,New York Jets,WR,Receive,75,202,06/09/1996,Limestone,,,,,,,
Jeff Smith,Jeff,Smith,,New York Jets,WR,Receive,,,,,,,,,167,0,
JuJu Smith-Schuster,JuJu,Smith-Schuster,,Pittsburgh Steelers,WR,Receive,73,215,11/22/1996,Southern California,,,,,831,9,
Willie Snead,Willie,Snead,,Baltimore Ravens,WR,Receive,71,205,10/17/1992,Ball State,,,,,432,3,
Diontae Spencer,Diontae,Spencer,,Denver Broncos,WR,Receive,68,170,03/19/1992,McNeese State,,,,,26,0,
Equanimeous St. Brown,Equanimeous,St. Brown,,Green Bay Packers,WR,Receive,77,214,09/30/1996,Notre Dame,,,,,117,1,
Freddie Swain,Freddie,Swain,,Seattle Seahawks,WR,Receive,,,,,,,,,159,2,
Khalil Tate,Khalil,Tate,,Philadelphia Eagles,WR,Receive,,,,,,,,,,,
Golden Tate,Golden,Tate,,New York Giants,WR,Receive,71,197,08/02/1988,Notre Dame,,,,,388,2,
Malik Taylor,Malik,Taylor,,Green Bay Packers,WR,Receive,,,,,,,,,66,1,
Adam Thielen,Adam,Thielen,,Minnesota Vikings,WR,Receive,74,200,08/22/1990,Minn. State-Mankato,,,,,925,14,
Mike Thomas,Mike,Thomas,,Cincinnati Bengals,WR,Receive,73,189,08/16/1994,Southern Mississippi,,,,,132,1,
Michael Thomas,Michael,Thomas,,New Orleans Saints,WR,Receive,75,212,03/03/1993,Ohio State,,,,,438,0,
Trevion Thompson,Trevion,Thompson,,Tennessee Titans,WR,Receive,,,,,,,,,,,
Laquon Treadwell,Laquon,Treadwell,,Atlanta Falcons,WR,Receive,74,215,06/14/1995,Mississippi,,,,,49,2,
Malik Turner,Malik,Turner,,Dallas Cowboys,WR,Receive,74,200,01/30/1996,Illinois,,,,,,,
Marquez Valdes-Scantling,Marquez,Valdes-Scantling,,Green Bay Packers,WR,Receive,76,207,10/10/1994,South Florida,,,,,690,6,
Greg Ward,Greg,Ward,,Philadelphia Eagles,WR,Receive,71,190,07/12/1995,Houston,,,,,419,6,
James Washington,James,Washington,,Pittsburgh Steelers,WR,Receive,71,213,04/02/1996,Oklahoma State,,,,,392,5,
Sammy Watkins,Sammy,Watkins,,Kansas City Chiefs,WR,Receive,73,211,06/14/1993,Clemson,,,,,421,2,
Quez Watkins,Quez,Watkins,,Philadelphia Eagles,WR,Receive,,,,,,,,,106,1,
Justin Watson,Justin,Watson,,Tampa Bay Buccaneers,WR,Receive,75,215,04/04/1995,Pennsylvania,,,,,94,0,
Nsimba Webster,Nsimba,Webster,,Los Angeles Rams,WR,Receive,,,,,,,,,,,
Nick Westbrook,Nick,Westbrook,,Tennessee Titans,WR,Receive,,,,,,,,,33,0,
Reggie White Jr.,Reggie,White,Jr.,New York Giants,WR,Receive,,,,,,,,,,,
Tim White,Tim,White,,New Orleans Saints,WR,Receive,71,185,07/15/1994,Arizona State,,,,,,,
Kyle Williams,Kyle,Williams,,Tennessee Titans,WR,Receive,73,303,06/10/1983,Louisiana State,,,,,,,
Duke Williams,Duke,Williams,,Buffalo Bills,WR,Receive,75,225,05/13/1993,Auburn,,,,,,,
Mike Williams,Mike,Williams,,Los Angeles Chargers,WR,Receive,76,218,10/04/1994,Clemson,,,,,756,5,
Ced Wilson,Ced,Wilson,,Dallas Cowboys,WR,Receive,74,200,03/10/1995,Boise State,,,,,189,2,
Javon Wims,Javon,Wims,,Chicago Bears,WR,Receive,74,221,09/11/1994,Georgia,,,,,48,1,
Robert Woods,Robert,Woods,,Los Angeles Rams,WR,Receive,72,193,04/10/1992,Southern California,,,,155,936,6,
Terry Wright,Terry,Wright,,Miami Dolphins,WR,Receive,,,,,,,,,,,
Isaiah Wright,Isaiah,Wright,,Washington Football Team,WR,Receive,,,,,,,,,197,0,
Brandon Zylstra,Brandon,Zylstra,,Carolina Panthers,WR,Receive,74,215,03/25/1993,"Concordia, Minn",,,,,35,0,
